<?xml version="1.0" encoding="UTF-8"?>
<!DOCTYPE mapper
    PUBLIC "-//mybatis.org//DTD Mapper 3.0//EN"
    "http://mybatis.org/dtd/mybatis-3-mapper.dtd">
<mapper namespace="Aprj20050Query">



    <sql id="WhereQuery" >

    </sql>


    <sql id="InlineViewQuery" >
        <![CDATA[
            SELECT
                     APRJ20050.CO_ID                         coId                              /* 업체 ID                        */
                   , APRJ20050.OP_ID                         opId                              /* 업무 ID                        */
                   , APRJ20050.OP_SER_NUM                    opSerNum                          /* 업무 일련번호                  */
                   , APRJ20050.OP_CHRG_ID                    opChrgId                          /* 업무 담당 ID                   */
                   , APRJ20050.USER_ID                       userId                            /* 사용자 ID                      */
                   , APRJ20050.RES_SER_NUM                   resSerNum                         /* 응답 일련번호                  */
                   , APRJ20050.RES_ST_CD                     resStCd                           /* 응답 상태 코드                 */
                   , (
                        SELECT ZCOM99011.CD_NM 
                        FROM   ZCOM99011 
                        WHERE  ZCOM99011.GRP_CD = 'APRJ000011'
                        AND    ZCOM99011.CD     = APRJ20050.RES_ST_CD
                     )                                       resStNm                           /* 응답 상태 명                   */
                   , APRJ20050.RES_DT                        resDt                             /* 응답 일자                      */
                   , APRJ20050.SIGN_CL_CD                    signClCd                          /* 서명 구분 코드                 */
                   , (
                        SELECT ZCOM99011.CD_NM 
                        FROM   ZCOM99011 
                        WHERE  ZCOM99011.GRP_CD = 'APRJ000010'
                        AND    ZCOM99011.CD     = APRJ20050.SIGN_CL_CD
                     )                                       signClNm                          /* 서명 구분 명                   */
                   , APRJ20050.SIGN_DTM                      signDtm                           /* 서명 일시                      */
                   , APRJ20050.DEL_YN                        delYn                             /* 삭제 여부                      */

                   , APRJ20050.RGST_ID                       rgstId                            /* 등록 ID                        */
                   , RGST     .USER_NM                       rgstNm                            /* 등록 명                        */
                   , APRJ20050.RGST_IP                       rgstIp                            /* 등록 IP                        */
                   , APRJ20050.RGST_DTM                      rgstDtm                           /* 등록 일시                      */
                   , APRJ20050.UPDT_ID                       updtId                            /* 수정 ID                        */
                   , UPDT     .USER_NM                       updtNm                            /* 수정 명                        */
                   , APRJ20050.UPDT_IP                       updtIp                            /* 수정 IP                        */
                   , APRJ20050.UPDT_DTM                      updtDtm                           /* 수정 일시                      */

            FROM   APRJ20050

                   LEFT OUTER JOIN ZCOM99030 RGST
                   ON     RGST.USER_ID = APRJ20050.RGST_ID

                   LEFT OUTER JOIN ZCOM99030 UPDT
                   ON     UPDT.USER_ID = APRJ20050.UPDT_ID

            WHERE  1 = 1
        ]]>
    </sql>


    <!-- 프로젝트_응답리스트조회 -->
    <select id="selectAPRJ20050_00" parameterType="Aprj20030Model" resultType="Aprj20030Model" >
        <include refid="Zcom99000Query.PagingTop" />
        <include refid="InlineViewQuery" />
        <include refid="WhereQuery" />
        <![CDATA[
            AND    APRJ20050.CO_ID                          = #{coId}                           /* 업체 ID                        */
            AND    APRJ20050.OP_ID                          = #{opId}                           /* 업무 ID                        */
            AND    APRJ20050.OP_SER_NUM                     = #{opSerNum}                       /* 업무 일련번호                  */
            AND    APRJ20050.OP_CHRG_ID                     = #{opChrgId}                       /* 업무 담당 ID                   */
            AND    APRJ20050.USER_ID                        = #{userId}                         /* 사용자 ID                      */
            ORDER BY 
                     APRJ20050.CO_ID                         
                   , APRJ20050.OP_ID                         
                   , APRJ20050.OP_SER_NUM                    
                   , APRJ20050.OP_CHRG_ID                    
                   , APRJ20050.USER_ID                       
                   , APRJ20050.RES_SER_NUM                   
        ]]>
        <include refid="Zcom99000Query.PagingBottom" />
    </select>

    <!-- 프로젝트_응답리스트수조회 -->
    <select id="selectAPRJ20050_01" parameterType="Aprj20030Model" resultType="Aprj20030Model" >
        <![CDATA[
            SELECT
                     COUNT(*) totCnt
            FROM   (
        ]]>
        <include refid="InlineViewQuery"/>
        <include refid="WhereQuery" />
        <![CDATA[
            AND    APRJ20050.CO_ID                          = #{coId}                           /* 업체 ID                        */
            AND    APRJ20050.OP_ID                          = #{opId}                           /* 업무 ID                        */
            AND    APRJ20050.OP_SER_NUM                     = #{opSerNum}                       /* 업무 일련번호                  */
            AND    APRJ20050.OP_CHRG_ID                     = #{opChrgId}                       /* 업무 담당 ID                   */
            AND    APRJ20050.USER_ID                        = #{userId}                         /* 사용자 ID                      */
                   ) TOT
        ]]>
    </select>


    <!-- 프로젝트_응답조회 -->
    <select id="selectAPRJ20050_02" parameterType="Aprj20030Model" resultType="Aprj20030Model" >
        <![CDATA[
            SELECT
                     APRJ20034.CO_ID                         coId                              /* 업체 ID                        */
                   , ZCOM99031.CO_NM                         coNm                              /* 업체 명                        */
                   , APRJ20034.OP_ID                         opId                              /* 업무 ID                        */
                   , APRJ20034.OP_SER_NUM                    opSerNum                          /* 업무 일련번호                  */
                   , APRJ20030.OP_NM                         opNm                              /* 업무 명                        */
                   , APRJ20030.OP_CTT                        opCtt                             /* 업무 내용                      */
                   , APRJ20030.DRFT_DEPT_ID                  drftDeptId                        /* 기안 부서 ID                   */
                   , APRJ20030.DRFT_DEPT_NM                  drftDeptNm                        /* 기안 부서 명                   */
                   , APRJ20030.DRFT_OP_CHRG_ID               drftOpChrgId                      /* 기안 업무 담당 ID              */
                   , APRJ20030.DRFT_OP_CHRG_NM               drftOpChrgNm                      /* 기안 업무 담당 명              */
                   , APRJ20030.DRFT_USER_ID                  drftUserId                        /* 기안 사용자 ID                 */
                   , APRJ20030.DRFT_USER_NM                  drftUserNm                        /* 기안 사용자 명                 */
                   , APRJ20034.OP_CHRG_ID                    opChrgId                          /* 업무 담당 ID                   */
                   , APRJ10020.OP_CHRG_NM                    opChrgNm                          /* 업무 담당 명                   */
                   , APRJ20034.USER_ID                       userId                            /* 사용자 ID                      */
                   , ZCOM99030.USER_NM                       userNm                            /* 사용자 명                      */
                   , APRJ20050.RES_SER_NUM                   resSerNum                         /* 응답 일련번호                  */
                   , APRJ20050.RES_ST_CD                     resStCd                           /* 응답 상태 코드                 */
                   , (
                        SELECT ZCOM99011.CD_NM 
                        FROM   ZCOM99011 
                        WHERE  ZCOM99011.GRP_CD = 'APRJ000011'
                        AND    ZCOM99011.CD     = APRJ20050.RES_ST_CD
                     )                                       resStNm                           /* 응답 상태 명                   */
                   , APRJ20050.RES_DT                        resDt                             /* 응답 일자                      */
                   , APRJ20050.DEL_YN                        delYn                             /* 삭제 여부                      */

                   , APRJ20050.RGST_ID                       rgstId                            /* 등록 ID                        */
                   , RGST     .USER_NM                       rgstNm                            /* 등록 명                        */
                   , APRJ20050.RGST_IP                       rgstIp                            /* 등록 IP                        */
                   , APRJ20050.RGST_DTM                      rgstDtm                           /* 등록 일시                      */
                   , APRJ20050.UPDT_ID                       updtId                            /* 수정 ID                        */
                   , UPDT     .USER_NM                       updtNm                            /* 수정 명                        */
                   , APRJ20050.UPDT_IP                       updtIp                            /* 수정 IP                        */
                   , APRJ20050.UPDT_DTM                      updtDtm                           /* 수정 일시                      */

            FROM   APRJ20034

                   LEFT OUTER JOIN ZCOM99031
                   ON     ZCOM99031.CO_ID      = APRJ20034.CO_ID
                   
                   LEFT OUTER JOIN APRJ20030
                   ON     APRJ20030.CO_ID      = APRJ20034.CO_ID
                   AND    APRJ20030.OP_ID      = APRJ20034.OP_ID     
                   AND    APRJ20030.OP_SER_NUM = APRJ20034.OP_SER_NUM
                   
                   LEFT OUTER JOIN APRJ10020
                   ON     APRJ10020.CO_ID      = APRJ20034.CO_ID
                   AND    APRJ10020.OP_CHRG_ID = APRJ20034.OP_CHRG_ID

                   LEFT OUTER JOIN ZCOM99030
                   ON     ZCOM99030.USER_ID    = APRJ20034.USER_ID
                   
                   LEFT OUTER JOIN APRJ20050
                   ON     APRJ20050.CO_ID      = APRJ20034.CO_ID
                   AND    APRJ20050.OP_ID      = APRJ20034.OP_ID
                   AND    APRJ20050.OP_SER_NUM = APRJ20034.OP_SER_NUM
                   AND    APRJ20050.OP_CHRG_ID = APRJ20034.OP_CHRG_ID
                   AND    APRJ20050.USER_ID    = APRJ20034.USER_ID
                   AND    APRJ20050.RES_SER_NUM                    = #{resSerNum}                      /* 응답 일련번호                  */
                   
                   LEFT OUTER JOIN ZCOM99030 RGST
                   ON     RGST.USER_ID = APRJ20050.RGST_ID

                   LEFT OUTER JOIN ZCOM99030 UPDT
                   ON     UPDT.USER_ID = APRJ20050.UPDT_ID

            WHERE  1 = 1
            AND    APRJ20034.CO_ID                          = #{coId}                           /* 업체 ID                        */
            AND    APRJ20034.OP_ID                          = #{opId}                           /* 업무 ID                        */
            AND    APRJ20034.OP_SER_NUM                     = #{opSerNum}                       /* 업무 일련번호                  */
            AND    APRJ20034.OP_CHRG_ID                     = #{opChrgId}                       /* 업무 담당 ID                   */
            AND    APRJ20034.USER_ID                        = #{userId}                         /* 사용자 ID                      */
        ]]>
    </select>


    <!-- 프로젝트_응답리스트수조회 -->
    <select id="selectAPRJ20050_03" parameterType="Aprj20030Model" resultType="Aprj20030Model" >
        <![CDATA[
            SELECT
                     COUNT(*) totCnt
            FROM   APRJ20050
            WHERE  1 = 1
            AND    APRJ20050.CO_ID                          = #{coId}                           /* 업체 ID                        */
            AND    APRJ20050.OP_ID                          = #{opId}                           /* 업무 ID                        */
            AND    APRJ20050.OP_SER_NUM                     = #{opSerNum}                       /* 업무 일련번호                  */
        ]]>
    </select>


    <!-- 프로젝트_응답등록 -->
    <insert id="insertAPRJ20050_00" parameterType="Aprj20030Model" >
        <selectKey order="BEFORE" keyProperty="resSerNum" resultType="java.lang.String" >
        <![CDATA[
            SELECT IFNULL(MAX(RES_SER_NUM), 0) + 1 resSerNum
            FROM   APRJ20050
            WHERE  1 = 1
            AND    CO_ID                          = #{coId}                           /* 업체 ID                        */
            AND    OP_ID                          = #{opId}                           /* 업무 ID                        */
            AND    OP_SER_NUM                     = #{opSerNum}                       /* 업무 일련번호                  */
            AND    OP_CHRG_ID                     = #{opChrgId}                       /* 업무 담당 ID                   */
            AND    USER_ID                        = #{userId}                         /* 사용자 ID                      */
        ]]>
        </selectKey>
        <![CDATA[
            INSERT INTO APRJ20050
            (
                     CO_ID                             /* 업체 ID                        */
                   , OP_ID                             /* 업무 ID                        */
                   , OP_SER_NUM                        /* 업무 일련번호                  */
                   , OP_CHRG_ID                        /* 업무 담당 ID                   */
                   , USER_ID                           /* 사용자 ID                      */
                   , RES_SER_NUM                       /* 응답 일련번호                  */
                   , USER_NM                           /* 사용자 명                      */
                   , DEPT_ID                           /* 부서 ID                        */
                   , DEPT_NM                           /* 부서 명                        */
                   , RES_ST_CD                         /* 응답 상태 코드                 */
                   , RES_DT                            /* 응답 일자                      */
                   , DEL_YN                            /* 삭제 여부                      */
                   , RGST_ID                           /* 등록 ID                        */
                   , RGST_IP                           /* 등록 IP                        */
                   , RGST_DTM                          /* 등록 일시                      */
                   , UPDT_ID                           /* 수정 ID                        */
                   , UPDT_IP                           /* 수정 IP                        */
                   , UPDT_DTM                          /* 수정 일시                      */
            ) VALUES (
                     #{coId}                           /* 업체 ID                        */
                   , #{opId}                           /* 업무 ID                        */
                   , #{opSerNum}                       /* 업무 일련번호                  */
                   , #{opChrgId}                       /* 업무 담당 ID                   */
                   , #{userId}                         /* 사용자 ID                      */
                   , #{resSerNum}                      /* 응답 일련번호                  */
                   , #{userNm}                         /* 사용자 명                      */
                   , #{deptId}                         /* 부서 ID                        */
                   , #{deptNm}                         /* 부서 명                        */
                   , #{resStCd}                        /* 응답 상태 코드                 */
                   , #{resDt}                          /* 응답 일자                      */
                   , #{delYn}                          /* 삭제 여부                      */
                   , #{rgstId}                         /* 등록 ID                        */
                   , #{rgstIp}                         /* 등록 IP                        */
                   , #{rgstDtm}                        /* 등록 일시                      */
                   , #{updtId}                         /* 수정 ID                        */
                   , #{updtIp}                         /* 수정 IP                        */
                   , #{updtDtm}                        /* 수정 일시                      */
            )
        ]]>
    </insert>


    <!-- 프로젝트_응답수정 -->
    <update id="updateAPRJ20050_00" parameterType="Aprj20030Model" >
        <![CDATA[
            UPDATE APRJ20050 SET
                     USER_NM                        = #{userNm}                         /* 사용자 명                      */
                   , DEPT_ID                        = #{deptId}                         /* 부서 ID                        */
                   , DEPT_NM                        = #{deptNm}                         /* 부서 명                        */
                   , RES_ST_CD                      = #{resStCd}                        /* 응답 상태 코드                 */
                   , RES_DT                         = #{resDt}                          /* 응답 일자                      */
                   , DEL_YN                         = #{delYn}                          /* 삭제 여부                      */
                   , UPDT_ID                        = #{updtId}                         /* 수정 ID                        */
                   , UPDT_IP                        = #{updtIp}                         /* 수정 IP                        */
                   , UPDT_DTM                       = #{updtDtm}                        /* 수정 일시                      */
            WHERE  1 = 1
            AND    CO_ID                          = #{coId}                           /* 업체 ID                        */
            AND    OP_ID                          = #{opId}                           /* 업무 ID                        */
            AND    OP_SER_NUM                     = #{opSerNum}                       /* 업무 일련번호                  */
            AND    OP_CHRG_ID                     = #{opChrgId}                       /* 업무 담당 ID                   */
            AND    USER_ID                        = #{userId}                         /* 사용자 ID                      */
            AND    RES_SER_NUM                    = #{resSerNum}                      /* 응답 일련번호                  */
        ]]>
    </update>


    <!-- 프로젝트_응답수정 -->
    <update id="updateAPRJ20050_01" parameterType="Aprj20030Model" >
        <![CDATA[
            UPDATE APRJ20050 SET
                     SIGN_CL_CD                     = #{signClCd}                       /* 서명 구분 코드                 */
                   , SIGN_DTM                       = #{signDtm}                        /* 서명 일시                      */
                   , DEL_YN                         = #{delYn}                          /* 삭제 여부                      */
                   , UPDT_ID                        = #{updtId}                         /* 수정 ID                        */
                   , UPDT_IP                        = #{updtIp}                         /* 수정 IP                        */
                   , UPDT_DTM                       = #{updtDtm}                        /* 수정 일시                      */
            WHERE  1 = 1
            AND    CO_ID                          = #{coId}                           /* 업체 ID                        */
            AND    OP_ID                          = #{opId}                           /* 업무 ID                        */
            AND    OP_SER_NUM                     = #{opSerNum}                       /* 업무 일련번호                  */
            AND    OP_CHRG_ID                     = #{opChrgId}                       /* 업무 담당 ID                   */
            AND    USER_ID                        = #{userId}                         /* 사용자 ID                      */
            AND    RES_SER_NUM                    = #{resSerNum}                      /* 응답 일련번호                  */
        ]]>
    </update>


    <!-- 프로젝트_응답삭제 -->
    <delete id="deleteAPRJ20050_00" parameterType="Aprj20030Model" >
        <![CDATA[
            DELETE FROM APRJ20050
            WHERE  1 = 1
            AND    CO_ID                          = #{coId}                           /* 업체 ID                        */
            AND    OP_ID                          = #{opId}                           /* 업무 ID                        */
            AND    OP_SER_NUM                     = #{opSerNum}                       /* 업무 일련번호                  */
            AND    OP_CHRG_ID                     = #{opChrgId}                       /* 업무 담당 ID                   */
            AND    USER_ID                        = #{userId}                         /* 사용자 ID                      */
            AND    RES_SER_NUM                    = #{resSerNum}                      /* 응답 일련번호                  */
        ]]>
    </delete>


    <!-- 프로젝트_응답삭제 -->
    <delete id="deleteAPRJ20050_01" parameterType="Aprj20030Model" >
        <![CDATA[
            TRUNCATE TABLE APRJ20050
        ]]>
    </delete>


    <!-- 프로젝트_응답삭제 -->
    <delete id="deleteAPRJ20050_02" parameterType="Aprj20030Model" >
        <![CDATA[
            DELETE FROM APRJ20050
            WHERE  1 = 1
            AND    CO_ID = #{coId}
        ]]>
    </delete>

</mapper>