<?xml version="1.0" encoding="UTF-8"?>
<!DOCTYPE mapper
    PUBLIC "-//mybatis.org//DTD Mapper 3.0//EN"
    "http://mybatis.org/dtd/mybatis-3-mapper.dtd">
<mapper namespace="Aprj20036Query">


    <sql id="WhereQuery" >
        <if test="@project.spring.app.a.lib.object.CommonMyBatis@isNotEmpty(srchCoId)">
        <![CDATA[
            AND    APRJ20036.CO_ID                        = #{srchCoId}                           /* 업체 ID                        */
        ]]>
        </if>
        <if test="@project.spring.app.a.lib.object.CommonMyBatis@isNotEmpty(srchStaDt)">
        <![CDATA[
            AND    APRJ20030.STD_DT                      >= #{srchStaDt}
        ]]>
        </if>
        <if test="@project.spring.app.a.lib.object.CommonMyBatis@isNotEmpty(srchEndDt)">
        <![CDATA[
            AND    APRJ20030.STD_DT                      <= #{srchEndDt}
        ]]>
        </if>
        
        <if test="@project.spring.app.a.lib.object.CommonMyBatis@isNotEmpty(srchOpId)">
            AND    APRJ20036.OP_ID                       LIKE CONCAT('%', #{srchOpId}, '%')
        </if>
        <if test="@project.spring.app.a.lib.object.CommonMyBatis@isNotEmpty(srchOpSerNum)">
            AND    APRJ20036.OP_SER_NUM                  LIKE CONCAT('%', #{srchOpSerNum}, '%')
        </if>
        <if test="@project.spring.app.a.lib.object.CommonMyBatis@isNotEmpty(srchOpNm)">
            AND    APRJ20030.OP_NM                       LIKE CONCAT('%', #{srchOpNm}, '%')
        </if>
        
        
        <if test="@project.spring.app.a.lib.object.CommonMyBatis@isNotEmpty(srchOpChrgId)">
            AND    APRJ20036.OP_CHRG_ID                     = #{srchOpChrgId}
        </if>
        <if test="@project.spring.app.a.lib.object.CommonMyBatis@isNotEmpty(srchOpChrgNm)">
            AND    APRJ10020.OP_CHRG_NM                  LIKE CONCAT('%', #{srchOpChrgNm}, '%')
        </if>
        <if test="@project.spring.app.a.lib.object.CommonMyBatis@isNotEmpty(srchUserId)">
            AND    APRJ20036.USER_ID                        = #{srchUserId}
        </if>
        <if test="@project.spring.app.a.lib.object.CommonMyBatis@isNotEmpty(srchUserNm)">
            AND    ZCOM99030.USER_NM                     LIKE CONCAT('%', #{srchUserNm}, '%')
        </if>
        
        
        <if test="@project.spring.app.a.lib.object.CommonMyBatis@isNotEmpty(srchStmUserId)">
            AND    APRJ20036.STM_USER_ID                    = #{srchStmUserId}
        </if>
        <if test="@project.spring.app.a.lib.object.CommonMyBatis@isNotEmpty(srchStmUserNm)">
            AND    ZSTM99030.USER_NM                     LIKE CONCAT('%', #{srchStmUserNm}, '%')
        </if>

    </sql>


    <sql id="InlineViewQuery" >
        <![CDATA[
            SELECT
                     APRJ20036.CO_ID                         coId                              /* 업체 ID                        */
                   , APRJ20036.OP_ID                         opId                              /* 업무 ID                        */
                   , APRJ20036.OP_SER_NUM                    opSerNum                          /* 업무 일련번호                  */
                   , APRJ20030.OP_NM                         opNm                              /* 업무 명                        */
                   , APRJ20036.OP_CHRG_ID                    opChrgId                          /* 업무 담당 ID                   */
                   , APRJ10020.OP_CHRG_NM                    opChrgNm                          /* 업무 담당 명                   */
                   , APRJ20036.USER_ID                       userId                            /* 사용자 ID                      */
                   , ZCOM99030.USER_NM                       userNm                            /* 사용자 명                      */
                   , APRJ20036.STM_SER_NUM                   stmSerNum                         /* 결제 일련번호                  */
                   , APRJ20036.STM_SEQ_NUM                   stmSeqNum                         /* 결제 순번                      */
                   , APRJ20036.STM_CL_CD                     stmClCd                           /* 결제 구분 코드                 */
                   , (
                        SELECT ZCOM99011.CD_NM 
                        FROM   ZCOM99011 
                        WHERE  ZCOM99011.GRP_CD = 'APRJ000003'
                        AND    ZCOM99011.CD     = APRJ20036.STM_CL_CD
                     )                                       stmClNm                           /* 결제 구분 명                   */
                   , APRJ20036.STM_AUTH_CD                   stmAuthCd                         /* 결제 권한 코드                 */
                   , (
                        SELECT ZCOM99011.CD_NM 
                        FROM   ZCOM99011 
                        WHERE  ZCOM99011.GRP_CD = 'APRJ000016'
                        AND    ZCOM99011.CD     = APRJ20036.STM_AUTH_CD
                     )                                       stmAuthNm                         /* 결제 권한 명                   */
                   , APRJ20036.STM_DEPT_ID                   stmDeptId                         /* 결제 부서 ID                   */
                   , ZCOM99032.DEPT_NM                       stmDeptNm                         /* 결제 부서 명                   */
                   , APRJ20036.STM_OP_CHRG_ID                stmOpChrgId                       /* 결제 업무 담당 ID              */
                   , ASTM10020.OP_CHRG_NM                    stmOpChrgNm                       /* 결제 업무 담당 명              */
                   , APRJ20036.STM_USER_ID                   stmUserId                         /* 결제 사용자 ID                 */
                   , ZSTM99030.USER_NM                       stmUserNm                         /* 결제 사용자 명                 */
                   , APRJ20036.DEL_YN                        delYn                             /* 삭제 여부                      */

                   , APRJ20036.RGST_ID                       rgstId                            /* 등록 ID                        */
                   , RGST     .USER_NM                       rgstNm                            /* 등록 명                        */
                   , APRJ20036.RGST_IP                       rgstIp                            /* 등록 IP                        */
                   , APRJ20036.RGST_DTM                      rgstDtm                           /* 등록 일시                      */
                   , APRJ20036.UPDT_ID                       updtId                            /* 수정 ID                        */
                   , UPDT     .USER_NM                       updtNm                            /* 수정 명                        */
                   , APRJ20036.UPDT_IP                       updtIp                            /* 수정 IP                        */
                   , APRJ20036.UPDT_DTM                      updtDtm                           /* 수정 일시                      */

            FROM   APRJ20036

                   LEFT OUTER JOIN APRJ20030
                   ON     APRJ20030.CO_ID      = APRJ20036.CO_ID
                   AND    APRJ20030.OP_ID      = APRJ20036.OP_ID
                   AND    APRJ20030.OP_SER_NUM = APRJ20036.OP_SER_NUM
                   
                   LEFT OUTER JOIN APRJ10020
                   ON     APRJ10020.CO_ID      = APRJ20036.CO_ID
                   AND    APRJ10020.OP_CHRG_ID = APRJ20036.OP_CHRG_ID
                   
                   LEFT OUTER JOIN ZCOM99030
                   ON     ZCOM99030.USER_ID    = APRJ20036.USER_ID

                   LEFT OUTER JOIN ZCOM99032
                   ON     ZCOM99032.CO_ID      = APRJ20036.CO_ID
                   AND    ZCOM99032.DEPT_ID    = APRJ20036.STM_DEPT_ID

                   LEFT OUTER JOIN APRJ10020 ASTM10020
                   ON     ASTM10020.CO_ID      = APRJ20036.CO_ID
                   AND    ASTM10020.OP_CHRG_ID = APRJ20036.STM_OP_CHRG_ID

                   LEFT OUTER JOIN ZCOM99030 ZSTM99030
                   ON     ZSTM99030.USER_ID = APRJ20036.STM_USER_ID

                   LEFT OUTER JOIN ZCOM99030 RGST
                   ON     RGST.USER_ID = APRJ20036.RGST_ID

                   LEFT OUTER JOIN ZCOM99030 UPDT
                   ON     UPDT.USER_ID = APRJ20036.UPDT_ID

            WHERE  1 = 1
        ]]>
    </sql>


    <sql id="InlineViewQueryUser" >
        <![CDATA[
            SELECT
                     APRJ20036.CO_ID                         coId                              /* 업체 ID                        */
                   , ZCOM99031.CO_NM                         coNm                              /* 업체 명                        */
                   , APRJ20036.OP_ID                         opId                              /* 업무 ID                        */
                   , APRJ20036.OP_SER_NUM                    opSerNum                          /* 업무 일련번호                  */
                   , APRJ20030.OP_NM                         opNm                              /* 업무 명                        */
                   , APRJ20036.OP_CHRG_ID                    opChrgId                          /* 업무 담당 ID                   */
                   , APRJ10020.OP_CHRG_NM                    opChrgNm                          /* 업무 담당 명                   */
                   , APRJ20036.USER_ID                       userId                            /* 사용자 ID                      */
                   , ZCOM99030.USER_NM                       userNm                            /* 사용자 명                      */
                   , APRJ20036.STM_SER_NUM                   stmSerNum                         /* 결제 일련번호                  */
                   , APRJ20036.STM_SEQ_NUM                   stmSeqNum                         /* 결제 순번                      */
                   , APRJ20036.STM_CL_CD                     stmClCd                           /* 결제 구분 코드                 */
                   , (
                        SELECT ZCOM99011.CD_NM 
                        FROM   ZCOM99011 
                        WHERE  ZCOM99011.GRP_CD = 'APRJ000003'
                        AND    ZCOM99011.CD     = APRJ20036.STM_CL_CD
                     )                                       stmClNm                           /* 결제 구분 명                   */
                   , APRJ20036.STM_AUTH_CD                   stmAuthCd                         /* 결제 권한 코드                 */
                   , (
                        SELECT ZCOM99011.CD_NM 
                        FROM   ZCOM99011 
                        WHERE  ZCOM99011.GRP_CD = 'APRJ000016'
                        AND    ZCOM99011.CD     = APRJ20036.STM_AUTH_CD
                     )                                       stmAuthNm                         /* 결제 권한 명                   */
                   , APRJ20036.STM_DEPT_ID                   stmDeptId                         /* 결제 부서 ID                   */
                   , ZCOM99032.DEPT_NM                       stmDeptNm                         /* 결제 부서 명                   */
                   , APRJ20036.STM_OP_CHRG_ID                stmOpChrgId                       /* 결제 업무 담당 ID              */
                   , ASTM10020.OP_CHRG_NM                    stmOpChrgNm                       /* 결제 업무 담당 명              */
                   , APRJ20036.STM_USER_ID                   stmUserId                         /* 결제 사용자 ID                 */
                   , ZSTM99030.USER_NM                       stmUserNm                         /* 결제 사용자 명                 */
                   , APRJ20036.DEL_YN                        delYn                             /* 삭제 여부                      */

                   , APRJ20036.RGST_ID                       rgstId                            /* 등록 ID                        */
                   , RGST     .USER_NM                       rgstNm                            /* 등록 명                        */
                   , APRJ20036.RGST_IP                       rgstIp                            /* 등록 IP                        */
                   , APRJ20036.RGST_DTM                      rgstDtm                           /* 등록 일시                      */
                   , APRJ20036.UPDT_ID                       updtId                            /* 수정 ID                        */
                   , UPDT     .USER_NM                       updtNm                            /* 수정 명                        */
                   , APRJ20036.UPDT_IP                       updtIp                            /* 수정 IP                        */
                   , APRJ20036.UPDT_DTM                      updtDtm                           /* 수정 일시                      */

            FROM   APRJ20036

                   LEFT OUTER JOIN ZCOM99031
                   ON     ZCOM99031.CO_ID = APRJ20036.CO_ID

                   LEFT OUTER JOIN APRJ20030
                   ON     APRJ20030.CO_ID      = APRJ20036.CO_ID
                   AND    APRJ20030.OP_ID      = APRJ20036.OP_ID
                   AND    APRJ20030.OP_SER_NUM = APRJ20036.OP_SER_NUM

                   LEFT OUTER JOIN APRJ10020
                   ON     APRJ10020.CO_ID      = APRJ20036.CO_ID
                   AND    APRJ10020.OP_CHRG_ID = APRJ20036.OP_CHRG_ID
                   
                   LEFT OUTER JOIN ZCOM99030
                   ON     ZCOM99030.USER_ID = APRJ20036.USER_ID

                   LEFT OUTER JOIN ZCOM99032
                   ON     ZCOM99032.CO_ID      = APRJ20036.CO_ID
                   AND    ZCOM99032.DEPT_ID    = APRJ20036.STM_DEPT_ID

                   LEFT OUTER JOIN APRJ10020 ASTM10020
                   ON     ASTM10020.CO_ID      = APRJ20036.CO_ID
                   AND    ASTM10020.OP_CHRG_ID = APRJ20036.STM_OP_CHRG_ID

                   LEFT OUTER JOIN ZCOM99030 ZSTM99030
                   ON     ZSTM99030.USER_ID = APRJ20036.STM_USER_ID

                   LEFT OUTER JOIN ZCOM99030 RGST
                   ON     RGST.USER_ID = APRJ20036.RGST_ID

                   LEFT OUTER JOIN ZCOM99030 UPDT
                   ON     UPDT.USER_ID = APRJ20036.UPDT_ID

            WHERE  1 = 1
        ]]>
    </sql>


    <sql id="InlineViewQueryStm" >
        <![CDATA[
            SELECT
                     APRJ20036.CO_ID                         coId                              /* 업체 ID                        */
                   , ZCOM99031.CO_NM                         coNm                              /* 업체 명                        */
                   , APRJ20036.OP_ID                         opId                              /* 업무 ID                        */
                   , APRJ20036.OP_SER_NUM                    opSerNum                          /* 업무 일련번호                  */
                   , APRJ20030.OP_NM                         opNm                              /* 업무 명                        */
                   , APRJ20036.OP_CHRG_ID                    opChrgId                          /* 업무 담당 ID                   */
                   , APRJ10020.OP_CHRG_NM                    opChrgNm                          /* 업무 담당 명                   */
                   , APRJ20036.USER_ID                       userId                            /* 사용자 ID                      */
                   , ZCOM99030.USER_NM                       userNm                            /* 사용자 명                      */
                   , APRJ20036.STM_SEQ_NUM                   stmSeqNum                         /* 결제 순번                      */
                   , APRJ20036.STM_SER_NUM                   stmSerNum                         /* 결제 일련번호                  */
                   , APRJ20036.STM_CL_CD                     stmClCd                           /* 결제 구분 코드                 */
                   , (
                        SELECT ZCOM99011.CD_NM 
                        FROM   ZCOM99011 
                        WHERE  ZCOM99011.GRP_CD = 'APRJ000003'
                        AND    ZCOM99011.CD     = APRJ20036.STM_CL_CD
                     )                                       stmClNm                           /* 결제 구분 명                   */
                   , APRJ20036.STM_AUTH_CD                   stmAuthCd                         /* 결제 권한 코드                 */
                   , (
                        SELECT ZCOM99011.CD_NM 
                        FROM   ZCOM99011 
                        WHERE  ZCOM99011.GRP_CD = 'APRJ000016'
                        AND    ZCOM99011.CD     = APRJ20036.STM_AUTH_CD
                     )                                       stmAuthNm                         /* 결제 권한 명                   */
                   , APRJ20036.STM_DEPT_ID                   stmDeptId                         /* 결제 부서 ID                   */
                   , ZCOM99032.DEPT_NM                       stmDeptNm                         /* 결제 부서 명                   */
                   , APRJ20036.STM_OP_CHRG_ID                stmOpChrgId                       /* 결제 업무 담당 ID              */
                   , ASTM10020.OP_CHRG_NM                    stmOpChrgNm                       /* 결제 업무 담당 명              */
                   , APRJ20036.STM_USER_ID                   stmUserId                         /* 결제 사용자 ID                 */
                   , ZSTM99030.USER_NM                       stmUserNm                         /* 결제 사용자 명                 */
                   , APRJ20036.DEL_YN                        delYn                             /* 삭제 여부                      */

                   , APRJ20036.RGST_ID                       rgstId                            /* 등록 ID                        */
                   , RGST     .USER_NM                       rgstNm                            /* 등록 명                        */
                   , APRJ20036.RGST_IP                       rgstIp                            /* 등록 IP                        */
                   , APRJ20036.RGST_DTM                      rgstDtm                           /* 등록 일시                      */
                   , APRJ20036.UPDT_ID                       updtId                            /* 수정 ID                        */
                   , UPDT     .USER_NM                       updtNm                            /* 수정 명                        */
                   , APRJ20036.UPDT_IP                       updtIp                            /* 수정 IP                        */
                   , APRJ20036.UPDT_DTM                      updtDtm                           /* 수정 일시                      */

            FROM   APRJ20036

                   LEFT OUTER JOIN ZCOM99031
                   ON     ZCOM99031.CO_ID = APRJ20036.CO_ID

                   LEFT OUTER JOIN APRJ20030
                   ON     APRJ20030.CO_ID      = APRJ20036.CO_ID
                   AND    APRJ20030.OP_ID      = APRJ20036.OP_ID
                   AND    APRJ20030.OP_SER_NUM = APRJ20036.OP_SER_NUM

                   LEFT OUTER JOIN APRJ10020
                   ON     APRJ10020.CO_ID      = APRJ20036.CO_ID
                   AND    APRJ10020.OP_CHRG_ID = APRJ20036.OP_CHRG_ID
                   
                   LEFT OUTER JOIN ZCOM99030
                   ON     ZCOM99030.USER_ID = APRJ20036.USER_ID

                   LEFT OUTER JOIN ZCOM99032
                   ON     ZCOM99032.CO_ID      = APRJ20036.CO_ID
                   AND    ZCOM99032.DEPT_ID    = APRJ20036.STM_DEPT_ID

                   LEFT OUTER JOIN APRJ10020 ASTM10020
                   ON     ASTM10020.CO_ID      = APRJ20036.CO_ID
                   AND    ASTM10020.OP_CHRG_ID = APRJ20036.STM_OP_CHRG_ID

                   LEFT OUTER JOIN ZCOM99030 ZSTM99030
                   ON     ZSTM99030.USER_ID = APRJ20036.STM_USER_ID

                   LEFT OUTER JOIN ZCOM99030 RGST
                   ON     RGST.USER_ID = APRJ20036.RGST_ID

                   LEFT OUTER JOIN ZCOM99030 UPDT
                   ON     UPDT.USER_ID = APRJ20036.UPDT_ID

            WHERE  1 = 1
        ]]>
    </sql>


    <!-- 프로젝트_결제담당자리스트조회 -->
    <select id="selectAPRJ20036_00" parameterType="Aprj20030Model" resultType="Aprj20030Model" >
        <include refid="Zcom99000Query.PagingTop" />
        <include refid="InlineViewQuery" />
        <include refid="WhereQuery" />
        <![CDATA[
            AND    APRJ20036.CO_ID                          = #{coId}                           /* 업체 ID                        */
            AND    APRJ20036.OP_ID                          = #{opId}                           /* 업무 ID                        */
            AND    APRJ20036.OP_SER_NUM                     = #{opSerNum}                       /* 업무 일련번호                  */
            AND    APRJ20036.OP_CHRG_ID                     = #{opChrgId}                       /* 업무 담당 ID                   */
            AND    APRJ20036.USER_ID                        = #{userId}                         /* 사용자 ID                      */
            ORDER BY 
                     APRJ20036.CO_ID                         
                   , APRJ20036.OP_ID                         
                   , APRJ20036.OP_SER_NUM                    
                   , APRJ20036.OP_CHRG_ID                    
                   , APRJ20036.USER_ID                       
                   , APRJ20036.STM_SEQ_NUM                   
        ]]>
        <include refid="Zcom99000Query.PagingBottom" />
    </select>

    <!-- 프로젝트_결제담당자리스트수조회 -->
    <select id="selectAPRJ20036_01" parameterType="Aprj20030Model" resultType="Aprj20030Model" >
        <![CDATA[
            SELECT
                     COUNT(*) totCnt
            FROM   (
        ]]>
        <include refid="InlineViewQuery"/>
        <include refid="WhereQuery" />
        <![CDATA[
            AND    APRJ20036.CO_ID                          = #{coId}                           /* 업체 ID                        */
            AND    APRJ20036.OP_ID                          = #{opId}                           /* 업무 ID                        */
            AND    APRJ20036.OP_SER_NUM                     = #{opSerNum}                       /* 업무 일련번호                  */
            AND    APRJ20036.OP_CHRG_ID                     = #{opChrgId}                       /* 업무 담당 ID                   */
            AND    APRJ20036.USER_ID                        = #{userId}                         /* 사용자 ID                      */
                   ) TOT
        ]]>
    </select>


    <!-- 프로젝트_결제담당자조회 -->
    <select id="selectAPRJ20036_02" parameterType="Aprj20030Model" resultType="Aprj20030Model" >
        <include refid="InlineViewQuery" />
        <![CDATA[
            AND    APRJ20036.CO_ID                          = #{coId}                           /* 업체 ID                        */
            AND    APRJ20036.OP_ID                          = #{opId}                           /* 업무 ID                        */
            AND    APRJ20036.OP_SER_NUM                     = #{opSerNum}                       /* 업무 일련번호                  */
            AND    APRJ20036.OP_CHRG_ID                     = #{opChrgId}                       /* 업무 담당 ID                   */
            AND    APRJ20036.USER_ID                        = #{userId}                         /* 사용자 ID                      */
            AND    APRJ20036.STM_SEQ_NUM                    = #{stmSeqNum}                      /* 결제 순번                      */
        ]]>
    </select>


    <!-- 프로젝트_결제담당자조회 -->
    <select id="selectAPRJ20036_03" parameterType="Aprj20030Model" resultType="Aprj20030Model" >
        <![CDATA[
            SELECT
                     APRJ20032.CO_ID                         coId                              /* 업체 ID                        */
                   , APRJ20032.OP_ID                         opId                              /* 업무 ID                        */
                   , APRJ20032.OP_SER_NUM                    opSerNum                          /* 업무 일련번호                  */
                   , APRJ20032.STM_SER_NUM                   stmSerNum                         /* 결제 일련번호                  */
                   , APRJ20032.STM_CL_CD                     stmClCd                           /* 결제 구분 코드                 */
                   , APRJ20032.STM_AUTH_CD                   stmAuthCd                         /* 결제 권한 코드                 */
                   , APRJ20032.STM_OP_CHRG_ID                stmOpChrgId                       /* 결제 업무 담당 ID              */
                   
                   , APRJ20034.OP_CHRG_ID                    opChrgId                          /* 업무 담당 ID                   */
                   , APRJ20034.USER_ID                       userId                            /* 사용자 ID                      */
                   
                   , ZCOM99030.DEPT_ID                       deptId                            /* 부서 ID                        */
            FROM   APRJ20032
                   
                   INNER JOIN (
                                SELECT
                                         APRJ20034.OP_CHRG_ID
                                       , APRJ20034.USER_ID
                                FROM   APRJ20034
                                WHERE  1 = 1
                                AND    APRJ20034.CO_ID                          = #{coId}                           /* 업체 ID                        */
                                AND    APRJ20034.OP_ID                          = #{opId}                           /* 업무 ID                        */
                                AND    APRJ20034.OP_SER_NUM                     = #{opSerNum}                       /* 업무 일련번호                  */
                                GROUP BY
                                         APRJ20034.OP_CHRG_ID
                                       , APRJ20034.USER_ID
                              ) APRJ20034
           
                   LEFT OUTER JOIN ZCOM99030
                   ON     ZCOM99030.USER_ID       = APRJ20034.USER_ID
           
            WHERE  1 = 1
            AND    APRJ20032.CO_ID                          = #{coId}                           /* 업체 ID                        */
            AND    APRJ20032.OP_ID                          = #{opId}                           /* 업무 ID                        */
            AND    APRJ20032.OP_SER_NUM                     = #{opSerNum}                       /* 업무 일련번호                  */
            ORDER BY
                     APRJ20034.OP_CHRG_ID
                   , APRJ20034.USER_ID
                   , APRJ20032.STM_SER_NUM
        ]]>
    </select>


    <!-- 프로젝트_결제담당자조회(상위권자) -->
    <select id="selectAPRJ20036_04" parameterType="Aprj20030Model" resultType="Aprj20030Model" >
        <![CDATA[
            SELECT
                     ZCOM99032.CO_ID                         coId                              /* 업체 ID                        */
                   , #{opId}                                 opId                              /* 업무 ID                        */
                   , #{opSerNum}                             opSerNum                          /* 업무 일련번호                  */
                   , #{stmSerNum}                            stmSerNum                         /* 결제 일련번호                  */
                   , #{opChrgId}                             opChrgId                          /* 업무 담당 ID                   */
                   , #{userId}                               userId                            /* 사용자 ID                      */
                   , #{stmClCd}                              stmClCd                           /* 결제 구분 코드                 */
                   , #{stmAuthCd}                            stmAuthCd                         /* 결제 권한 코드                 */
                   , ZCOM99032.DEPT_ID                       deptId                            /* 부서 ID                        */
                   , ZCOM99032.SUP_DEPT_ID                   stmDeptId                         /* 상위 부서 ID                   */
                   
                   , ZCOM99030.USER_ID                       stmUserId                         /* 결제 사용자 ID                 */
            FROM   ZCOM99032

                   LEFT OUTER JOIN ZCOM99030
                   ON     ZCOM99030.CO_ID         = ZCOM99032.CO_ID
                   AND    ZCOM99030.DEPT_ID       = ZCOM99032.SUP_DEPT_ID
                   AND    ZCOM99030.OFC_LVL_CL_CD = '1000' 

            WHERE  1 = 1
            AND    ZCOM99032.CO_ID                          = #{coId}                           /* 업체 ID                        */
            AND    ZCOM99032.DEPT_ID                        = #{deptId}                         /* 부서 ID                        */
            AND    ZCOM99030.USER_ID                       IS NOT NULL
            AND    ZCOM99030.DEPT_ID                       <> ''
        ]]>
    </select>


    <!-- 프로젝트_결제담당자조회(업무담당) -->
    <select id="selectAPRJ20036_05" parameterType="Aprj20030Model" resultType="Aprj20030Model" >
        <![CDATA[
            SELECT
                     APRJ10020.CO_ID                         coId                              /* 업체 ID                        */
                   , #{opId}                                 opId                              /* 업무 ID                        */
                   , #{opSerNum}                             opSerNum                          /* 업무 일련번호                  */
                   , #{stmSerNum}                            stmSerNum                         /* 결제 일련번호                  */
                   , #{opChrgId}                             opChrgId                          /* 업무 담당 ID                   */
                   , #{userId}                               userId                            /* 사용자 ID                      */
                   , #{stmClCd}                              stmClCd                           /* 결제 구분 코드                 */
                   , #{stmAuthCd}                            stmAuthCd                         /* 결제 권한 코드                 */
                   , APRJ10020.OP_CHRG_ID                    stmOpChrgId                       /* 결제 업무 담당 ID              */
                   , APRJ10020.OP_CHRG_NM                    stmOpChrgNm                       /* 업무 담당 명                   */

                   , APRJ10021.USER_ID                       stmUserId                         /* 결제 사용자 ID                 */
            FROM   APRJ10020
                   
                   LEFT OUTER JOIN APRJ10021
                   ON     APRJ10021.CO_ID      = APRJ10020.CO_ID
                   AND    APRJ10021.OP_CHRG_ID = APRJ10020.OP_CHRG_ID
                   
                   LEFT OUTER JOIN ZCOM99030
                   ON     APRJ10021.USER_ID    = ZCOM99030.USER_ID
                   
            WHERE  1 = 1
            AND    APRJ10020.CO_ID                          = #{coId}                           /* 업체 ID                        */
            AND    APRJ10020.OP_CHRG_ID                     = #{stmOpChrgId}                    /* 업무 담당 ID                   */
            AND    ZCOM99030.USER_ID                       IS NOT NULL
        ]]>
    </select>


    <!-- 프로젝트_결제담당자조회 -->
    <select id="selectAPRJ20036_06" parameterType="Aprj20030Model" resultType="Aprj20030Model" >
        <![CDATA[
            SELECT
                     APRJ20036.CO_ID                         coId                              /* 업체 ID                        */
                   , APRJ20036.OP_ID                         opId                              /* 업무 ID                        */
                   , APRJ20036.OP_SER_NUM                    opSerNum                          /* 업무 일련번호                  */
                   , APRJ20036.OP_CHRG_ID                    opChrgId                          /* 업무 담당 ID                   */
                   , APRJ20034.OP_CHRG_NM                    opChrgNm                          /* 업무 담당 명                   */
                   , APRJ20036.USER_ID                       userId                            /* 사용자 ID                      */
                   , APRJ20034.USER_NM                       userNm                            /* 사용자 명                      */
                   , APRJ20036.STM_SEQ_NUM                   stmSeqNum                         /* 결제 순번                      */
                   , APRJ20036.STM_SER_NUM                   stmSerNum                         /* 결제 일련번호                  */
                   , APRJ20036.STM_CL_CD                     stmClCd                           /* 결제 구분 코드                 */
                   , (
                        SELECT ZCOM99011.CD_NM 
                        FROM   ZCOM99011 
                        WHERE  ZCOM99011.GRP_CD = 'APRJ000003'
                        AND    ZCOM99011.CD     = APRJ20036.STM_CL_CD
                     )                                       stmClNm                           /* 결제 구분 명                   */
                   , APRJ20036.STM_AUTH_CD                   stmAuthCd                         /* 결제 권한 코드                 */
                   , (
                        SELECT ZCOM99011.CD_NM 
                        FROM   ZCOM99011 
                        WHERE  ZCOM99011.GRP_CD = 'APRJ000007'
                        AND    ZCOM99011.CD     = APRJ20036.STM_AUTH_CD
                     )                                       stmAuthNm                         /* 결제 권한 명                   */
                   , APRJ20036.STM_DEPT_ID                   stmDeptId                         /* 결제 부서 ID                   */
                   , APRJ20036.STM_DEPT_NM                   stmDeptNm                         /* 결제 부서 명                   */
                   , APRJ20036.STM_OP_CHRG_ID                stmOpChrgId                       /* 결제 업무 담당 ID              */
                   , APRJ20036.STM_OP_CHRG_NM                stmOpChrgNm                       /* 결제 업무 담당 명              */
                   , APRJ20036.STM_USER_ID                   stmUserId                         /* 결제 사용자 ID                 */
                   , APRJ20036.STM_USER_NM                   stmUserNm                         /* 결제 사용자 명                 */
                   , APRJ20036.DEL_YN                        delYn                             /* 삭제 여부                      */
            FROM   APRJ20036
            
                   LEFT OUTER JOIN APRJ20034
                   ON     APRJ20034.CO_ID      = APRJ20036.CO_ID
		           AND    APRJ20034.OP_ID      = APRJ20036.OP_ID
		           AND    APRJ20034.OP_SER_NUM = APRJ20036.OP_SER_NUM
		           AND    APRJ20034.OP_CHRG_ID = APRJ20036.OP_CHRG_ID
		           AND    APRJ20034.USER_ID    = APRJ20036.USER_ID
            
            WHERE  1 = 1
            AND    APRJ20036.CO_ID                          = #{coId}                           /* 업체 ID                        */
            AND    APRJ20036.OP_ID                          = #{opId}                           /* 업무 ID                        */
            AND    APRJ20036.OP_SER_NUM                     = #{opSerNum}                       /* 업무 일련번호                  */
            AND    APRJ20036.OP_CHRG_ID                     = #{opChrgId}                       /* 업무 담당 ID                   */
            AND    APRJ20036.USER_ID                        = #{userId}                         /* 사용자 ID                      */
            AND    APRJ20036.STM_OP_CHRG_ID                 = #{stmOpChrgId}                    /* 결제 업무 담당 ID              */
            AND    APRJ20036.STM_USER_ID                    = #{stmUserId}                      /* 결제 사용자 ID                 */
        ]]>
    </select>


    <!-- 프로젝트_결제담당자리스트조회 -->
    <select id="selectAPRJ20036_10" parameterType="Aprj20030Model" resultType="Aprj20030Model" >
        <include refid="Zcom99000Query.PagingTop" />
        <include refid="InlineViewQueryUser" />
        <include refid="WhereQuery" />
        <![CDATA[
            ORDER BY 
                     APRJ20036.CO_ID                         
                   , APRJ20036.OP_ID                         
                   , APRJ20036.OP_SER_NUM                    
                   , APRJ20036.OP_CHRG_ID                    
                   , APRJ20036.USER_ID                       
                   , APRJ20036.STM_SER_NUM                   
        ]]>
        <include refid="Zcom99000Query.PagingBottom" />
    </select>

    <!-- 프로젝트_결제담당자리스트수조회 -->
    <select id="selectAPRJ20036_11" parameterType="Aprj20030Model" resultType="Aprj20030Model" >
        <![CDATA[
            SELECT
                     COUNT(*) totCnt
            FROM   (
        ]]>
        <include refid="InlineViewQueryUser"/>
        <include refid="WhereQuery" />
        <![CDATA[
                   ) TOT
        ]]>
    </select>


    <!-- 프로젝트_결제담당자등록 -->
    <insert id="insertAPRJ20036_00" parameterType="Aprj20030Model" >
        <selectKey order="BEFORE" keyProperty="stmSeqNum" resultType="java.lang.String" >
        <![CDATA[
            SELECT IFNULL(MAX(STM_SEQ_NUM), 0) + 1 stmSeqNum
            FROM   APRJ20036
            WHERE  1 = 1
            AND    CO_ID                          = #{coId}                           /* 업체 ID                        */
            AND    OP_ID                          = #{opId}                           /* 업무 ID                        */
            AND    OP_SER_NUM                     = #{opSerNum}                       /* 업무 일련번호                  */
            AND    OP_CHRG_ID                     = #{opChrgId}                       /* 업무 담당 ID                   */
            AND    USER_ID                        = #{userId}                         /* 사용자 ID                      */
        ]]>
        </selectKey>
        <![CDATA[
            INSERT INTO APRJ20036
            (
                     CO_ID                             /* 업체 ID                        */
                   , OP_ID                             /* 업무 ID                        */
                   , OP_SER_NUM                        /* 업무 일련번호                  */
                   , OP_CHRG_ID                        /* 업무 담당 ID                   */
                   , USER_ID                           /* 사용자 ID                      */
                   , STM_SEQ_NUM                       /* 결제 순번                      */
                   , STM_SER_NUM                       /* 결제 일련번호                  */
                   , STM_CL_CD                         /* 결제 구분 코드                 */
                   , STM_AUTH_CD                       /* 결제 권한 코드                 */
                   , STM_DEPT_ID                       /* 결제 부서 ID                   */
                   , STM_DEPT_NM                       /* 결제 부서 명                   */
                   , STM_OP_CHRG_ID                    /* 결제 업무 담당 ID              */
                   , STM_OP_CHRG_NM                    /* 결제 업무 담당 명              */
                   , STM_USER_ID                       /* 결제 사용자 ID                 */
                   , STM_USER_NM                       /* 결제 사용자 명                 */
                   , DEL_YN                            /* 삭제 여부                      */
                   , RGST_ID                           /* 등록 ID                        */
                   , RGST_IP                           /* 등록 IP                        */
                   , RGST_DTM                          /* 등록 일시                      */
                   , UPDT_ID                           /* 수정 ID                        */
                   , UPDT_IP                           /* 수정 IP                        */
                   , UPDT_DTM                          /* 수정 일시                      */
            ) VALUES (
                     #{coId}                           /* 업체 ID                        */
                   , #{opId}                           /* 업무 ID                        */
                   , #{opSerNum}                       /* 업무 일련번호                  */
                   , #{opChrgId}                       /* 업무 담당 ID                   */
                   , #{userId}                         /* 사용자 ID                      */
                   , #{stmSeqNum}                      /* 결제 일련번호                  */
                   , IFNULL(#{stmSerNum}, #{stmSeqNum})/* 결제 순번                      */
                   , #{stmClCd}                        /* 결제 구분 코드                 */
                   , #{stmAuthCd}                      /* 결제 권한 코드                 */
                   , #{stmDeptId}                      /* 결제 부서 ID                   */
                   , #{stmDeptNm}                      /* 결제 부서 명                   */
                   , #{stmOpChrgId}                    /* 결제 업무 담당 ID              */
                   , #{stmOpChrgNm}                    /* 결제 업무 담당 명              */
                   , #{stmUserId}                      /* 결제 사용자 ID                 */
                   , #{stmUserNm}                      /* 결제 사용자 명                 */
                   , #{delYn}                          /* 삭제 여부                      */
                   , #{rgstId}                         /* 등록 ID                        */
                   , #{rgstIp}                         /* 등록 IP                        */
                   , #{rgstDtm}                        /* 등록 일시                      */
                   , #{updtId}                         /* 수정 ID                        */
                   , #{updtIp}                         /* 수정 IP                        */
                   , #{updtDtm}                        /* 수정 일시                      */
            )
        ]]>
    </insert>


    <!-- 프로젝트_결제담당자등록 -->
    <insert id="insertAPRJ20036_20" parameterType="Aprj20030Model" >
        <![CDATA[
            INSERT INTO APRJ20036
            (
                     CO_ID                             /* 업체 ID                        */
                   , OP_ID                             /* 업무 ID                        */
                   , OP_SER_NUM                        /* 업무 일련번호                  */
                   , OP_CHRG_ID                        /* 업무 담당 ID                   */
                   , USER_ID                           /* 사용자 ID                      */
                   , STM_SEQ_NUM                       /* 결제 순번                      */
                   , STM_SER_NUM                       /* 결제 일련번호                  */
                   , STM_CL_CD                         /* 결제 구분 코드                 */
                   , STM_AUTH_CD                       /* 결제 권한 코드                 */
                   , STM_DEPT_ID                       /* 결제 부서 ID                   */
                   , STM_OP_CHRG_ID                    /* 결제 업무 담당 ID              */
                   , STM_USER_ID                       /* 결제 사용자 ID                 */
                   , DEL_YN                            /* 삭제 여부                      */
                   , RGST_ID                           /* 등록 ID                        */
                   , RGST_IP                           /* 등록 IP                        */
                   , RGST_DTM                          /* 등록 일시                      */
                   , UPDT_ID                           /* 수정 ID                        */
                   , UPDT_IP                           /* 수정 IP                        */
                   , UPDT_DTM                          /* 수정 일시                      */
            ) 
            SELECT
                     CO_ID                             /* 업체 ID                        */
                   , OP_ID                             /* 업무 ID                        */
                   , #{verUpOpSerNum}                  /* 업무 일련번호                  */
                   , OP_CHRG_ID                        /* 업무 담당 ID                   */
                   , USER_ID                           /* 사용자 ID                      */
                   , STM_SEQ_NUM                       /* 결제 순번                      */
                   , STM_SER_NUM                       /* 결제 일련번호                  */
                   , STM_CL_CD                         /* 결제 구분 코드                 */
                   , STM_AUTH_CD                       /* 결제 권한 코드                 */
                   , STM_DEPT_ID                       /* 결제 부서 ID                   */
                   , STM_OP_CHRG_ID                    /* 결제 업무 담당 ID              */
                   , STM_USER_ID                       /* 결제 사용자 ID                 */
                   , DEL_YN                            /* 삭제 여부                      */

                   , #{rgstId}                         /* 등록 ID                        */
                   , #{rgstIp}                         /* 등록 IP                        */
                   , #{rgstDtm}                        /* 등록 일시                      */
                   , #{updtId}                         /* 수정 ID                        */
                   , #{updtIp}                         /* 수정 IP                        */
                   , #{updtDtm}                        /* 수정 일시                      */
            FROM   APRJ20036
            WHERE  1 = 1
            AND    CO_ID                          = #{coId}                           /* 업체 ID                        */
            AND    OP_ID                          = #{opId}                           /* 프로젝트 ID                    */
            AND    OP_SER_NUM                     = #{opSerNum}                       /* 업무 일련번호                  */
        ]]>
    </insert>


    <!-- 프로젝트_결제담당자수정 -->
    <update id="updateAPRJ20036_00" parameterType="Aprj20030Model" >
        <![CDATA[
            UPDATE APRJ20036 SET
                     STM_SER_NUM                    = #{stmSerNum}                      /* 결제 일련번호                  */
                   , STM_CL_CD                      = #{stmClCd}                        /* 결제 구분 코드                 */
                   , STM_AUTH_CD                    = #{stmAuthCd}                      /* 결제 권한 코드                 */
                   , STM_DEPT_ID                    = #{stmDeptId}                      /* 결제 부서 ID                   */
                   , STM_OP_CHRG_ID                 = #{stmOpChrgId}                    /* 결제 업무 담당 ID              */
                   , STM_USER_ID                    = #{stmUserId}                      /* 결제 사용자 ID                 */
                   , DEL_YN                         = #{delYn}                          /* 삭제 여부                      */
                   , UPDT_ID                        = #{updtId}                         /* 수정 ID                        */
                   , UPDT_IP                        = #{updtIp}                         /* 수정 IP                        */
                   , UPDT_DTM                       = #{updtDtm}                        /* 수정 일시                      */
            WHERE  1 = 1
            AND    CO_ID                          = #{coId}                           /* 업체 ID                        */
            AND    OP_ID                          = #{opId}                           /* 업무 ID                        */
            AND    OP_SER_NUM                     = #{opSerNum}                       /* 업무 일련번호                  */
            AND    OP_CHRG_ID                     = #{opChrgId}                       /* 업무 담당 ID                   */
            AND    USER_ID                        = #{userId}                         /* 사용자 ID                      */
            AND    STM_SEQ_NUM                    = #{stmSeqNum}                      /* 결제 순번                      */
        ]]>
    </update>


    <!-- 프로젝트_결제담당자삭제 -->
    <delete id="deleteAPRJ20036_00" parameterType="Aprj20030Model" >
        <![CDATA[
            DELETE FROM APRJ20036
            WHERE  1 = 1
            AND    CO_ID                          = #{coId}                           /* 업체 ID                        */
            AND    OP_ID                          = #{opId}                           /* 업무 ID                        */
            AND    OP_SER_NUM                     = #{opSerNum}                       /* 업무 일련번호                  */
            AND    OP_CHRG_ID                     = IFNULL(#{opChrgId} , OP_CHRG_ID ) /* 업무 담당 ID                   */
            AND    USER_ID                        = IFNULL(#{userId}   , USER_ID    ) /* 사용자 ID                      */
            AND    STM_SEQ_NUM                    = IFNULL(#{stmSeqNum}, STM_SEQ_NUM) /* 결제 순번                      */
        ]]>
    </delete>


    <!-- 프로젝트_결제담당자삭제 -->
    <delete id="deleteAPRJ20036_01" parameterType="Aprj20030Model" >
        <![CDATA[
            TRUNCATE TABLE APRJ20036
        ]]>
    </delete>


    <!-- 프로젝트_결제담당자삭제 -->
    <delete id="deleteAPRJ20036_02" parameterType="Aprj20030Model" >
        <![CDATA[
            DELETE FROM APRJ20036
            WHERE  1 = 1
            AND    CO_ID                          = #{coId}                           /* 업체 ID                        */
        ]]>
    </delete>

    <!-- 프로젝트_결제담당자삭제 -->
    <delete id="deleteAPRJ20036_03" parameterType="Aprj20030Model" >
        <![CDATA[
            DELETE FROM APRJ20036
            WHERE  1 = 1
            AND    CO_ID                          = #{coId}                           /* 업체 ID                        */
            AND    OP_ID                          = #{opId}                           /* 업무 ID                        */
            AND    OP_SER_NUM                     = #{opSerNum}                       /* 업무 일련번호                  */
            AND    OP_CHRG_ID                     = #{opChrgId}                       /* 업무 담당 ID                   */
            AND    USER_ID                        = #{userId}                         /* 사용자 ID                      */
            AND    STM_AUTH_CD                    = '3000'                            /* 결제 권한 코드                 */
        ]]>
    </delete>


</mapper>