<?xml version="1.0" encoding="UTF-8"?>
<!DOCTYPE mapper
    PUBLIC "-//mybatis.org//DTD Mapper 3.0//EN"
    "http://mybatis.org/dtd/mybatis-3-mapper.dtd">
<mapper namespace="Aprj20020Query">



    <sql id="WhereQuery" >
        <if test="@project.spring.app.a.lib.object.CommonMyBatis@isNotEmpty(srchCtrlNum)">
            AND    APRJ20020.CTRL_NUM                     LIKE CONCAT('%', #{srchCtrlNum}, '%')
        </if>
        <if test="@project.spring.app.a.lib.object.CommonMyBatis@isNotEmpty(srchCtrlNm)">
            AND    APRJ20020.CTRL_NM                      LIKE CONCAT('%', #{srchCtrlNm}, '%')
        </if>
    </sql>


    <sql id="InlineViewQuery" >
        <![CDATA[
            SELECT
                     APRJ20020.CO_ID                         coId                              /* 업체 ID                        */
                   , ZCOM99031.CO_NM                         coNm                              /* 업체 명                        */
                   , APRJ20020.PRJ_ID                        prjId                             /* 프로젝트 ID                    */
                   , APRJ20010.PRJ_NM                        prjNm                             /* 프로젝트 명                    */
                   , APRJ20020.CTRL_NUM                      ctrlNum                           /* 통제 번호                      */
                   , APRJ20020.CTRL_NM                       ctrlNm                            /* 통제 명                        */
                   , APRJ20020.CTRL_CTT                      ctrlCtt                           /* 통제 내용                      */
                   , APRJ20020.DEL_YN                        delYn                             /* 삭제 여부                      */

                   , APRJ20020.RGST_ID                       rgstId                            /* 등록 ID                        */
                   , RGST     .USER_NM                       rgstNm                            /* 등록 명                        */
                   , APRJ20020.RGST_IP                       rgstIp                            /* 등록 IP                        */
                   , APRJ20020.RGST_DTM                      rgstDtm                           /* 등록 일시                      */
                   , APRJ20020.UPDT_ID                       updtId                            /* 수정 ID                        */
                   , UPDT     .USER_NM                       updtNm                            /* 수정 명                        */
                   , APRJ20020.UPDT_IP                       updtIp                            /* 수정 IP                        */
                   , APRJ20020.UPDT_DTM                      updtDtm                           /* 수정 일시                      */

            FROM   APRJ20020

                   LEFT OUTER JOIN ZCOM99031
                   ON     ZCOM99031.CO_ID = APRJ20020.CO_ID

                   LEFT OUTER JOIN APRJ20010
                   ON     APRJ20010.CO_ID  = APRJ20020.CO_ID
                   AND    APRJ20010.PRJ_ID = APRJ20020.PRJ_ID

                   LEFT OUTER JOIN ZCOM99030 RGST
                   ON     RGST.USER_ID = APRJ20020.RGST_ID

                   LEFT OUTER JOIN ZCOM99030 UPDT
                   ON     UPDT.USER_ID = APRJ20020.UPDT_ID

            WHERE  1 = 1
        ]]>
    </sql>


    <!-- 프로젝트_통제리스트조회 -->
    <select id="selectAPRJ20020_00" parameterType="Aprj20020Model" resultType="Aprj20020Model" >
        <include refid="Zcom99000Query.PagingTop" />
        <include refid="InlineViewQuery" />
        <include refid="WhereQuery" />
        <![CDATA[
            AND    APRJ20020.CO_ID                          = #{coId}                           /* 업체 ID                        */
            AND    APRJ20020.PRJ_ID                         = #{prjId}                          /* 프로젝트 ID                    */
            ORDER BY 
                     APRJ20020.CO_ID
                   , APRJ20020.PRJ_ID                   
                   , APRJ20020.CTRL_NUM
        ]]>
        <include refid="Zcom99000Query.PagingBottom" />
    </select>


    <!-- 프로젝트_통제리스트수조회 -->
    <select id="selectAPRJ20020_01" parameterType="Aprj20020Model" resultType="Aprj20020Model" >
        <![CDATA[
            SELECT
                     COUNT(*) totCnt
            FROM   (
        ]]>
        <include refid="InlineViewQuery"/>
        <include refid="WhereQuery" />
        <![CDATA[
            AND    APRJ20020.CO_ID                          = #{coId}                           /* 업체 ID                        */
            AND    APRJ20020.PRJ_ID                         = #{prjId}                          /* 프로젝트 ID                    */
                   ) TOT
        ]]>
    </select>


    <!-- 프로젝트_통제조회 -->
    <select id="selectAPRJ20020_02" parameterType="Aprj20020Model" resultType="Aprj20020Model" >
        <include refid="InlineViewQuery" />
        <![CDATA[
            AND    APRJ20020.CO_ID                          = #{coId}                           /* 업체 ID                        */
            AND    APRJ20020.PRJ_ID                         = #{prjId}                          /* 프로젝트 ID                    */
            AND    APRJ20020.CTRL_NUM                       = #{ctrlNum}                        /* 통제 일련번호                  */
        ]]>
    </select>


    <!-- 프로젝트_통제리스트조회 -->
    <select id="selectAPRJ20020_10" parameterType="Aprj20020Model" resultType="Aprj20020Model" >
        <include refid="InlineViewQuery" />
        <include refid="WhereQuery" />
        <![CDATA[
            ORDER BY 
                     APRJ20020.CO_ID
                   , APRJ20020.PRJ_ID                   
                   , APRJ20020.CTRL_NUM
        ]]>
    </select>


    <!-- 프로젝트_통제등록 -->
    <insert id="insertAPRJ20020_00" parameterType="Aprj20020Model" >
        <![CDATA[
            INSERT INTO APRJ20020
            (
                     CO_ID                             /* 업체 ID                        */
                   , PRJ_ID                            /* 프로젝트 ID                    */
                   , CTRL_NUM                          /* 통제 번호                      */
                   , CTRL_NM                           /* 통제 명                        */
                   , CTRL_CTT                          /* 통제 내용                      */
                   , DEL_YN                            /* 삭제 여부                      */
                   , RGST_ID                           /* 등록 ID                        */
                   , RGST_IP                           /* 등록 IP                        */
                   , RGST_DTM                          /* 등록 일시                      */
                   , UPDT_ID                           /* 수정 ID                        */
                   , UPDT_IP                           /* 수정 IP                        */
                   , UPDT_DTM                          /* 수정 일시                      */
            ) VALUES (
                     #{coId}                           /* 업체 ID                        */
                   , #{prjId}                          /* 프로젝트 ID                    */
                   , #{ctrlNum}                        /* 통제 번호                      */
                   , #{ctrlNm}                         /* 통제 명                        */
                   , #{ctrlCtt}                        /* 통제 내용                      */
                   , #{delYn}                          /* 삭제 여부                      */
                   , #{rgstId}                         /* 등록 ID                        */
                   , #{rgstIp}                         /* 등록 IP                        */
                   , #{rgstDtm}                        /* 등록 일시                      */
                   , #{updtId}                         /* 수정 ID                        */
                   , #{updtIp}                         /* 수정 IP                        */
                   , #{updtDtm}                        /* 수정 일시                      */
            )
        ]]>
    </insert>


    <!-- 프로젝트_통제등록 -->
    <insert id="insertAPRJ20020_10" parameterType="Aprj20030Model" >
        <![CDATA[
            INSERT INTO APRJ20020
            (
                     CO_ID                             /* 업체 ID                        */
                   , PRJ_ID                            /* 프로젝트 ID                    */
                   , CTRL_NUM                          /* 통제 번호                      */
                   , CTRL_NM                           /* 통제 명                        */
                   , CTRL_CTT                          /* 통제 내용                      */
                   , DEL_YN                            /* 삭제 여부                      */
                   , RGST_ID                           /* 등록 ID                        */
                   , RGST_IP                           /* 등록 IP                        */
                   , RGST_DTM                          /* 등록 일시                      */
                   , UPDT_ID                           /* 수정 ID                        */
                   , UPDT_IP                           /* 수정 IP                        */
                   , UPDT_DTM                          /* 수정 일시                      */
            ) 
            SELECT
                     #{coId}                           /* 업체 ID                        */
                   , PRJ_ID                            /* 프로젝트 ID                    */
                   , CTRL_NUM                          /* 통제 번호                      */
                   , CTRL_NM                           /* 통제 명                        */
                   , CTRL_CTT                          /* 통제 내용                      */
                   , DEL_YN                            /* 삭제 여부                      */

                   , #{rgstId}                         /* 등록 ID                        */
                   , #{rgstIp}                         /* 등록 IP                        */
                   , #{rgstDtm}                        /* 등록 일시                      */
                   , #{updtId}                         /* 수정 ID                        */
                   , #{updtIp}                         /* 수정 IP                        */
                   , #{updtDtm}                        /* 수정 일시                      */
            FROM   APRJ20020
            WHERE  1 = 1
            AND    APRJ20020.CO_ID                          = '0000000000'                      /* 업체 ID                        */
            AND    APRJ20020.PRJ_ID                         = #{prjId}                          /* 프로젝트 ID                    */
        ]]>
    </insert>


    <!-- 프로젝트_통제수정 -->
    <update id="updateAPRJ20020_00" parameterType="Aprj20020Model" >
        <![CDATA[
            UPDATE APRJ20020 SET
                     CTRL_NUM                       = #{ctrlNum}                        /* 통제 번호                      */
                   , CTRL_NM                        = #{ctrlNm}                         /* 통제 명                        */
                   , CTRL_CTT                       = #{ctrlCtt}                        /* 통제 내용                      */
                   , DEL_YN                         = #{delYn}                          /* 삭제 여부                      */
                   , UPDT_ID                        = #{updtId}                         /* 수정 ID                        */
                   , UPDT_IP                        = #{updtIp}                         /* 수정 IP                        */
                   , UPDT_DTM                       = #{updtDtm}                        /* 수정 일시                      */
            WHERE  1 = 1
            AND    CO_ID                          = #{coId}                           /* 업체 ID                        */
            AND    PRJ_ID                         = #{prjId}                          /* 프로젝트 ID                    */
            AND    CTRL_NUM                       = #{ctrlNum}                        /* 통제 번호                      */
        ]]>
    </update>


    <!-- 프로젝트_통제삭제 -->
    <delete id="deleteAPRJ20020_00" parameterType="Aprj20020Model" >
        <![CDATA[
            DELETE FROM APRJ20020
            WHERE  1 = 1
            AND    CO_ID                          = #{coId}                           /* 업체 ID                        */
            AND    PRJ_ID                         = #{prjId}                          /* 프로젝트 ID                    */
            AND    CTRL_NUM                       = IFNULL(#{ctrlNum}, CTRL_NUM)      /* 통제 번호                      */
        ]]>
    </delete>


    <!-- 프로젝트_통제삭제 -->
    <delete id="deleteAPRJ20020_01" parameterType="Aprj20020Model" >
        <![CDATA[
            TRUNCATE TABLE APRJ20020
        ]]>
    </delete>


    <!-- 프로젝트_통제삭제 -->
    <delete id="deleteAPRJ20020_10" parameterType="AprjModel" >
        <![CDATA[
            DELETE FROM APRJ20020
            WHERE  1 = 1
            AND    CO_ID                          = #{coId}                           /* 업체 ID                        */
        ]]>
    </delete>


</mapper>