<?xml version="1.0" encoding="UTF-8"?>
<!DOCTYPE mapper
    PUBLIC "-//mybatis.org//DTD Mapper 3.0//EN"
    "http://mybatis.org/dtd/mybatis-3-mapper.dtd">
<mapper namespace="Aprj20052Query">



    <sql id="WhereQuery" >

    </sql>


    <sql id="InlineViewQuery" >
        <![CDATA[
            SELECT
                     APRJ20052.CO_ID                         coId                              /* 업체 ID                        */
                   , APRJ20052.OP_ID                         opId                              /* 업무 ID                        */
                   , APRJ20052.OP_SER_NUM                    opSerNum                          /* 업무 일련번호                  */
                   , APRJ20052.FILE_SER_NUM                  fileSerNum                        /* 파일 일련번호                  */
                   , APRJ20052.OP_CHRG_ID                    opChrgId                          /* 업무 담당 ID                   */
                   , APRJ20052.USER_ID                       userId                            /* 사용자 ID                      */
                   , APRJ20052.RES_SER_NUM                   resSerNum                         /* 응답 일련번호                  */
                   , APRJ20052.REQ_SER_NUM                   reqSerNum                         /* 요청 일련번호                  */
                   , APRJ20052.ITM_SER_NUM                   itmSerNum                         /* 항목 일련번호                  */
                   , APRJ20052.LGC_FILE_NM                   lgcFileNm                         /* 논리 파일 명                   */
                   , APRJ20052.PSC_FILE_NM                   pscFileNm                         /* 물리 파일 명                   */
                   , APRJ20052.FILE_PATH                     filePath                          /* 파일 경로                      */
                   , APRJ20052.FILE_SIZE                     fileSize                          /* 파일 크기                      */
                   , APRJ20052.DLOAD_CNT                     dloadCnt                          /* 다운로드 수                    */
                   , APRJ20052.DEL_YN                        delYn                             /* 삭제 여부                      */

                   , APRJ20052.RGST_ID                       rgstId                            /* 등록 ID                        */
                   , RGST     .USER_NM                       rgstNm                            /* 등록 명                        */
                   , APRJ20052.RGST_IP                       rgstIp                            /* 등록 IP                        */
                   , APRJ20052.RGST_DTM                      rgstDtm                           /* 등록 일시                      */
                   , APRJ20052.UPDT_ID                       updtId                            /* 수정 ID                        */
                   , UPDT     .USER_NM                       updtNm                            /* 수정 명                        */
                   , APRJ20052.UPDT_IP                       updtIp                            /* 수정 IP                        */
                   , APRJ20052.UPDT_DTM                      updtDtm                           /* 수정 일시                      */

            FROM   APRJ20052

                   LEFT OUTER JOIN ZCOM99030 RGST
                   ON     RGST.USER_ID = APRJ20052.RGST_ID

                   LEFT OUTER JOIN ZCOM99030 UPDT
                   ON     UPDT.USER_ID = APRJ20052.UPDT_ID

            WHERE  1 = 1
        ]]>
    </sql>


    <!-- 프로젝트_응답첨부파일리스트조회 -->
    <select id="selectAPRJ20052_00" parameterType="Aprj20030Model" resultType="Aprj20030Model" >
        <include refid="InlineViewQuery" />
        <include refid="WhereQuery" />
        <![CDATA[
            AND    APRJ20052.CO_ID                          = #{coId}                           /* 업체 ID                        */
            AND    APRJ20052.OP_ID                          = #{opId}                           /* 업무 ID                        */
            AND    APRJ20052.OP_SER_NUM                     = #{opSerNum}                       /* 업무 일련번호                  */
            AND    APRJ20052.OP_CHRG_ID                     = #{opChrgId}                       /* 업무 담당 ID                   */
            AND    APRJ20052.USER_ID                        = #{userId}                         /* 사용자 ID                      */
            AND    APRJ20052.RES_SER_NUM                    = #{resSerNum}                      /* 응답 일련번호                  */
            ORDER BY 
                     APRJ20052.CO_ID                         
                   , APRJ20052.OP_ID                         
                   , APRJ20052.OP_SER_NUM                    
                   , APRJ20052.FILE_SER_NUM                  
        ]]>
    </select>

    <!-- 프로젝트_응답첨부파일리스트수조회 -->
    <select id="selectAPRJ20052_01" parameterType="Aprj20030Model" resultType="Aprj20030Model" >
        <![CDATA[
            SELECT
                     COUNT(*) totCnt
            FROM   (
        ]]>
        <include refid="InlineViewQuery"/>
        <include refid="WhereQuery" />
        <![CDATA[
                   ) TOT
        ]]>
    </select>


    <!-- 프로젝트_응답첨부파일조회 -->
    <select id="selectAPRJ20052_02" parameterType="Aprj20030Model" resultType="Aprj20030Model" >
        <include refid="InlineViewQuery" />
        <![CDATA[
            AND    APRJ20052.CO_ID                          = #{coId}                           /* 업체 ID                        */
            AND    APRJ20052.OP_ID                          = #{opId}                           /* 업무 ID                        */
            AND    APRJ20052.OP_SER_NUM                     = #{opSerNum}                       /* 업무 일련번호                  */
            AND    APRJ20052.FILE_SER_NUM                   = #{fileSerNum}                     /* 파일 일련번호                  */
        ]]>
    </select>


    <!-- 프로젝트_응답첨부파일등록 -->
    <insert id="insertAPRJ20052_00" parameterType="Aprj20030Model" >
        <selectKey order="BEFORE" keyProperty="fileSerNum" resultType="java.lang.String" >
        <![CDATA[
            SELECT IFNULL(MAX(FILE_SER_NUM), 0) + 1 fileSerNum
            FROM   APRJ20052
            WHERE  1 = 1
            AND    CO_ID                          = #{coId}                           /* 업체 ID                        */
            AND    OP_ID                          = #{opId}                           /* 업무 ID                        */
            AND    OP_SER_NUM                     = #{opSerNum}                       /* 업무 일련번호                  */
        ]]>
        </selectKey>
        <![CDATA[
            INSERT INTO APRJ20052
            (
                     CO_ID                             /* 업체 ID                        */
                   , OP_ID                             /* 업무 ID                        */
                   , OP_SER_NUM                        /* 업무 일련번호                  */
                   , FILE_SER_NUM                      /* 파일 일련번호                  */
                   , OP_CHRG_ID                        /* 업무 담당 ID                   */
                   , USER_ID                           /* 사용자 ID                      */
                   , RES_SER_NUM                       /* 응답 일련번호                  */
                   , REQ_SER_NUM                       /* 요청 일련번호                  */
                   , ITM_SER_NUM                       /* 항목 일련번호                  */
                   , LGC_FILE_NM                       /* 논리 파일 명                   */
                   , PSC_FILE_NM                       /* 물리 파일 명                   */
                   , FILE_PATH                         /* 파일 경로                      */
                   , FILE_SIZE                         /* 파일 크기                      */
                   , DLOAD_CNT                         /* 다운로드 수                    */
                   , DEL_YN                            /* 삭제 여부                      */
                   , RGST_ID                           /* 등록 ID                        */
                   , RGST_IP                           /* 등록 IP                        */
                   , RGST_DTM                          /* 등록 일시                      */
                   , UPDT_ID                           /* 수정 ID                        */
                   , UPDT_IP                           /* 수정 IP                        */
                   , UPDT_DTM                          /* 수정 일시                      */
            ) VALUES (
                     #{coId}                           /* 업체 ID                        */
                   , #{opId}                           /* 업무 ID                        */
                   , #{opSerNum}                       /* 업무 일련번호                  */
                   , #{fileSerNum}                     /* 파일 일련번호                  */
                   , #{opChrgId}                       /* 업무 담당 ID                   */
                   , #{userId}                         /* 사용자 ID                      */
                   , #{resSerNum}                      /* 응답 일련번호                  */
                   , #{reqSerNum}                      /* 요청 일련번호                  */
                   , #{itmSerNum}                      /* 항목 일련번호                  */
                   , #{lgcFileNm}                      /* 논리 파일 명                   */
                   , #{pscFileNm}                      /* 물리 파일 명                   */
                   , #{filePath}                       /* 파일 경로                      */
                   , #{fileSize}                       /* 파일 크기                      */
                   , #{dloadCnt}                       /* 다운로드 수                    */
                   , #{delYn}                          /* 삭제 여부                      */
                   , #{rgstId}                         /* 등록 ID                        */
                   , #{rgstIp}                         /* 등록 IP                        */
                   , #{rgstDtm}                        /* 등록 일시                      */
                   , #{updtId}                         /* 수정 ID                        */
                   , #{updtIp}                         /* 수정 IP                        */
                   , #{updtDtm}                        /* 수정 일시                      */
            )
        ]]>
    </insert>


    <!-- 프로젝트_응답첨부파일수정 -->
    <update id="updateAPRJ20052_00" parameterType="Aprj20030Model" >
        <![CDATA[
            UPDATE APRJ20052 SET
                     DLOAD_CNT                      = #{dloadCnt} + 1                   /* 다운로드 수                    */
                   , DEL_YN                         = #{delYn}                          /* 삭제 여부                      */
                   , UPDT_ID                        = #{updtId}                         /* 수정 ID                        */
                   , UPDT_IP                        = #{updtIp}                         /* 수정 IP                        */
                   , UPDT_DTM                       = #{updtDtm}                        /* 수정 일시                      */
            WHERE  1 = 1
            AND    CO_ID                          = #{coId}                           /* 업체 ID                        */
            AND    OP_ID                          = #{opId}                           /* 업무 ID                        */
            AND    OP_SER_NUM                     = #{opSerNum}                       /* 업무 일련번호                  */
            AND    FILE_SER_NUM                   = #{fileSerNum}                     /* 파일 일련번호                  */
            AND    OP_CHRG_ID                     = #{opChrgId}                       /* 업무 담당 ID                   */
            AND    USER_ID                        = #{userId}                         /* 사용자 ID                      */
            AND    RES_SER_NUM                    = #{resSerNum}                      /* 응답 일련번호                  */
            AND    REQ_SER_NUM                    = #{reqSerNum}                      /* 요청 일련번호                  */
            AND    ITM_SER_NUM                    = #{itmSerNum}                      /* 항목 일련번호                  */
        ]]>
    </update>


    <!-- 프로젝트_응답첨부파일삭제 -->
    <delete id="deleteAPRJ20052_00" parameterType="Aprj20030Model" >
        <![CDATA[
            DELETE FROM APRJ20052
            WHERE  1 = 1
            AND    CO_ID                          = #{coId}                             /* 업체 ID                        */
            AND    OP_ID                          = #{opId}                             /* 업무 ID                        */
            AND    OP_SER_NUM                     = #{opSerNum}                         /* 업무 일련번호                  */
            AND    FILE_SER_NUM                   = IFNULL(#{fileSerNum}, FILE_SER_NUM) /* 파일 일련번호                  */
            AND    OP_CHRG_ID                     = IFNULL(#{opChrgId}  , OP_CHRG_ID  ) /* 업무 담당 ID                   */
            AND    USER_ID                        = IFNULL(#{userId}    , USER_ID     ) /* 사용자 ID                      */
            AND    RES_SER_NUM                    = IFNULL(#{resSerNum} , RES_SER_NUM ) /* 응답 일련번호                  */
        ]]>
    </delete>


    <!-- 프로젝트_응답첨부파일삭제 -->
    <delete id="deleteAPRJ20052_01" parameterType="Aprj20030Model" >
        <![CDATA[
            TRUNCATE TABLE APRJ20052
        ]]>
    </delete>


    <!-- 프로젝트_응답첨부파일삭제 -->
    <delete id="deleteAPRJ20052_02" parameterType="Aprj20030Model" >
        <![CDATA[
            DELETE FROM APRJ20052
            WHERE  1 = 1
            AND    CO_ID = #{coId}
        ]]>
    </delete>

</mapper>