<?xml version="1.0" encoding="UTF-8"?>
<!DOCTYPE mapper
    PUBLIC "-//mybatis.org//DTD Mapper 3.0//EN"
    "http://mybatis.org/dtd/mybatis-3-mapper.dtd">
<mapper namespace="Aprj20035Query">



    <sql id="WhereQuery" >

    </sql>


    <sql id="InlineViewQuery" >
        <![CDATA[
            SELECT
                     APRJ20035.CO_ID                         coId                              /* 업체 ID                        */
                   , ZCOM99031.CO_NM                         coNm                              /* 업체 명                        */
                   , APRJ20035.OP_ID                         opId                              /* 업무 ID                        */
                   , APRJ20035.OP_SER_NUM                    opSerNum                          /* 업무 일련번호                  */
                   , APRJ20035.TRNSF_SER_NUM                 trnsfSerNum                       /* 이관 일련번호                  */
                   , APRJ20035.OP_CHRG_ID                    opChrgId                          /* 업무 담당 ID                   */
                   , APRJ10020.OP_CHRG_NM                    opChrgNm                          /* 업무 담당 명                   */
                   , APRJ20035.USER_ID                       userId                            /* 사용자 ID                      */
                   , ZCOM99030.USER_NM                       userNm                            /* 사용자 명                      */
                   , APRJ20035.TRNSF_OP_CHRG_ID              trnsfOpChrgId                     /* 이관 업무 담당 ID              */
                   , TRN_CHRG .OP_CHRG_NM                    trnsfOpChrgNm                     /* 이관 업무 담당 명              */
                   , APRJ20035.TRNSF_USER_ID                 trnsfUserId                       /* 이관 사용자 ID                 */
                   , TRN_USER .USER_NM                       trnsfUserNm                       /* 이관 사용자 명                 */
                   , APRJ20035.TRNSF_CTT                     trnsfCtt                          /* 이관 내용                      */
                   , APRJ20035.TRNSF_TRAN_CD                 trnsfTranCd                       /* 이관 처리 코드                 */
                   , (
                        SELECT ZCOM99011.CD_NM 
                        FROM   ZCOM99011 
                        WHERE  ZCOM99011.GRP_CD = 'APRJ000009'
                        AND    ZCOM99011.CD     = APRJ20035.TRNSF_TRAN_CD
                     )                                       trnsfTranNm                       /* 이관 처리 명                   */
                   , APRJ20035.TRNSF_DTM                     trnsfDtm                          /* 이관 일시                      */
                   , APRJ20035.TRNSF_TRAN_CTT                trnsfTranCtt                      /* 이관 처리 내용                 */
                   , APRJ20035.DEL_YN                        delYn                             /* 삭제 여부                      */

                   , APRJ20035.RGST_ID                       rgstId                            /* 등록 ID                        */
                   , RGST     .USER_NM                       rgstNm                            /* 등록 명                        */
                   , APRJ20035.RGST_IP                       rgstIp                            /* 등록 IP                        */
                   , APRJ20035.RGST_DTM                      rgstDtm                           /* 등록 일시                      */
                   , APRJ20035.UPDT_ID                       updtId                            /* 수정 ID                        */
                   , UPDT     .USER_NM                       updtNm                            /* 수정 명                        */
                   , APRJ20035.UPDT_IP                       updtIp                            /* 수정 IP                        */
                   , APRJ20035.UPDT_DTM                      updtDtm                           /* 수정 일시                      */

            FROM   APRJ20035

                   LEFT OUTER JOIN ZCOM99031
                   ON     ZCOM99031.CO_ID = APRJ20035.CO_ID

                   LEFT OUTER JOIN APRJ10020
                   ON     APRJ10020.CO_ID      = APRJ20035.CO_ID
                   AND    APRJ10020.OP_CHRG_ID = APRJ20035.OP_CHRG_ID
                   
                   LEFT OUTER JOIN ZCOM99030
                   ON     ZCOM99030.USER_ID    = APRJ20035.USER_ID
                   
                   LEFT OUTER JOIN APRJ10020 TRN_CHRG
                   ON     TRN_CHRG .CO_ID      = APRJ20035.CO_ID
                   AND    TRN_CHRG .OP_CHRG_ID = APRJ20035.TRNSF_OP_CHRG_ID

                   LEFT OUTER JOIN ZCOM99030 TRN_USER
                   ON     TRN_USER .USER_ID    = APRJ20035.TRNSF_USER_ID
                   
                   LEFT OUTER JOIN ZCOM99030 RGST
                   ON     RGST.USER_ID = APRJ20035.RGST_ID

                   LEFT OUTER JOIN ZCOM99030 UPDT
                   ON     UPDT.USER_ID = APRJ20035.UPDT_ID

            WHERE  1 = 1
        ]]>
    </sql>


    <!-- 프로젝트_담당자이관리스트조회 -->
    <select id="selectAPRJ20035_00" parameterType="Aprj20030Model" resultType="Aprj20030Model" >
        <include refid="Zcom99000Query.PagingTop" />
        <include refid="InlineViewQuery" />
        <include refid="WhereQuery" />
        <![CDATA[
            ORDER BY 
                     APRJ20035.CO_ID                         
                   , APRJ20035.OP_ID                         
                   , APRJ20035.OP_SER_NUM                    
                   , APRJ20035.TRNSF_SER_NUM                 
        ]]>
        <include refid="Zcom99000Query.PagingBottom" />
    </select>

    <!-- 프로젝트_담당자이관리스트수조회 -->
    <select id="selectAPRJ20035_01" parameterType="Aprj20030Model" resultType="Aprj20030Model" >
        <![CDATA[
            SELECT
                     COUNT(*) totCnt
            FROM   (
        ]]>
        <include refid="InlineViewQuery"/>
        <include refid="WhereQuery" />
        <![CDATA[
                   ) TOT
        ]]>
    </select>


    <!-- 프로젝트_담당자이관조회 -->
    <select id="selectAPRJ20035_02" parameterType="Aprj20030Model" resultType="Aprj20030Model" >
        <include refid="InlineViewQuery" />
        <![CDATA[
            AND    APRJ20035.CO_ID                          = #{coId}                           /* 업체 ID                        */
            AND    APRJ20035.OP_ID                          = #{opId}                           /* 업무 ID                        */
            AND    APRJ20035.OP_SER_NUM                     = #{opSerNum}                       /* 업무 일련번호                  */
            AND    APRJ20035.TRNSF_SER_NUM                  = #{trnsfSerNum}                    /* 이관 일련번호                  */
        ]]>
    </select>


    <!-- 프로젝트_담당자이관조회 -->
    <select id="selectAPRJ20035_03" parameterType="Aprj20030Model" resultType="Aprj20030Model" >
        <include refid="InlineViewQuery" />
        <![CDATA[
            AND    APRJ20035.CO_ID                          = #{coId}                           /* 업체 ID                        */
            AND    APRJ20035.OP_ID                          = #{opId}                           /* 업무 ID                        */
            AND    APRJ20035.OP_SER_NUM                     = #{opSerNum}                       /* 업무 일련번호                  */
            AND    APRJ20035.TRNSF_SER_NUM                  = #{trnsfSerNum}                    /* 이관 일련번호                  */
        ]]>
    </select>


    <!-- 프로젝트_담당자이관등록 -->
    <insert id="insertAPRJ20035_00" parameterType="Aprj20030Model" >
        <selectKey order="BEFORE" keyProperty="trnsfSerNum" resultType="java.lang.String" >
        <![CDATA[
            SELECT IFNULL(MAX(TRNSF_SER_NUM), 0) + 1 trnsfSerNum
            FROM   APRJ20035
            WHERE  1 = 1
            AND    CO_ID                          = #{coId}                           /* 업체 ID                        */
            AND    OP_ID                          = #{opId}                           /* 업무 ID                        */
            AND    OP_SER_NUM                     = #{opSerNum}                       /* 업무 일련번호                  */
        ]]>
        </selectKey>
        <![CDATA[
            INSERT INTO APRJ20035
            (
                     CO_ID                             /* 업체 ID                        */
                   , OP_ID                             /* 업무 ID                        */
                   , OP_SER_NUM                        /* 업무 일련번호                  */
                   , TRNSF_SER_NUM                     /* 이관 일련번호                  */
                   , OP_CHRG_ID                        /* 업무 담당 ID                   */
                   , OP_CHRG_NM                        /* 업무 담당 명                   */
                   , USER_ID                           /* 사용자 ID                      */
                   , USER_NM                           /* 사용자 명                      */
                   , TRNSF_OP_CHRG_ID                  /* 이관 업무 담당 ID              */
                   , TRNSF_OP_CHRG_NM                  /* 이관 업무 담당 명              */
                   , TRNSF_USER_ID                     /* 이관 사용자 ID                 */
                   , TRNSF_USER_NM                     /* 이관 사용자 명                 */
                   , TRNSF_CTT                         /* 이관 내용                      */
                   , TRNSF_RSLT_CD                     /* 이관 결과 코드                 */
                   , TRNSF_RSLT_CTT                    /* 이관 결과 내용                 */
                   , TRNSF_DTM                         /* 이관 일시                      */
                   , DEL_YN                            /* 삭제 여부                      */
                   , RGST_ID                           /* 등록 ID                        */
                   , RGST_IP                           /* 등록 IP                        */
                   , RGST_DTM                          /* 등록 일시                      */
                   , UPDT_ID                           /* 수정 ID                        */
                   , UPDT_IP                           /* 수정 IP                        */
                   , UPDT_DTM                          /* 수정 일시                      */
            ) VALUES (
                     #{coId}                           /* 업체 ID                        */
                   , #{opId}                           /* 업무 ID                        */
                   , #{opSerNum}                       /* 업무 일련번호                  */
                   , #{trnsfSerNum}                    /* 이관 일련번호                  */
                   , #{opChrgId}                       /* 업무 담당 ID                   */
                   , #{opChrgNm}                       /* 업무 담당 명                   */
                   , #{userId}                         /* 사용자 ID                      */
                   , #{userNm}                         /* 사용자 명                      */
                   , #{trnsfOpChrgId}                  /* 이관 업무 담당 ID              */
                   , #{trnsfOpChrgNm}                  /* 이관 업무 담당 명              */
                   , #{trnsfUserId}                    /* 이관 사용자 ID                 */
                   , #{trnsfUserNm}                    /* 이관 사용자 명                 */
                   , #{trnsfCtt}                       /* 이관 내용                      */
                   , #{trnsfRsltCd}                    /* 이관 결과 코드                 */
                   , #{trnsfRsltCtt}                   /* 이관 결과 내용                 */
                   , #{trnsfDtm}                       /* 이관 일시                      */
                   , #{delYn}                          /* 삭제 여부                      */
                   , #{rgstId}                         /* 등록 ID                        */
                   , #{rgstIp}                         /* 등록 IP                        */
                   , #{rgstDtm}                        /* 등록 일시                      */
                   , #{updtId}                         /* 수정 ID                        */
                   , #{updtIp}                         /* 수정 IP                        */
                   , #{updtDtm}                        /* 수정 일시                      */
            )
        ]]>
    </insert>


    <!-- 프로젝트_담당자이관수정 -->
    <update id="updateAPRJ20035_00" parameterType="Aprj20030Model" >
        <![CDATA[
            UPDATE APRJ20035 SET
                     OP_CHRG_ID                     = #{opChrgId}                       /* 업무 담당 ID                   */
                   , USER_ID                        = #{userId}                         /* 사용자 ID                      */
                   , TRNSF_OP_CHRG_ID               = #{trnsfOpChrgId}                  /* 이관 업무 담당 ID              */
                   , TRNSF_USER_ID                  = #{trnsfUserId}                    /* 이관 사용자 ID                 */
                   , TRNSF_CTT                      = #{trnsfCtt}                       /* 이관 내용                      */
                   , TRNSF_TRAN_CD                  = #{trnsfTranCd}                    /* 이관 처리 코드                 */
                   , TRNSF_DTM                      = #{trnsfDtm}                       /* 이관 일시                      */
                   , TRNSF_TRAN_CTT                 = #{trnsfTranCtt}                   /* 이관 처리 내용                 */
                   , DEL_YN                         = #{delYn}                          /* 삭제 여부                      */
                   , UPDT_ID                        = #{updtId}                         /* 수정 ID                        */
                   , UPDT_IP                        = #{updtIp}                         /* 수정 IP                        */
                   , UPDT_DTM                       = #{updtDtm}                        /* 수정 일시                      */
            WHERE  1 = 1
            AND    CO_ID                          = #{coId}                           /* 업체 ID                        */
            AND    OP_ID                          = #{opId}                           /* 업무 ID                        */
            AND    OP_SER_NUM                     = #{opSerNum}                       /* 업무 일련번호                  */
            AND    TRNSF_SER_NUM                  = #{trnsfSerNum}                    /* 이관 일련번호                  */
        ]]>
    </update>


    <!-- 프로젝트_담당자이관수정 -->
    <update id="updateAPRJ20035_01" parameterType="Aprj20030Model" >
        <![CDATA[
            UPDATE APRJ20035 SET
                     TRNSF_TRAN_CD                  = #{trnsfTranCd}                    /* 이관 처리 코드                 */
                   , TRNSF_DTM                      = #{updtDtm}                        /* 이관 일시                      */
                   , TRNSF_TRAN_CTT                 = #{trnsfTranCtt}                   /* 이관 처리 내용                 */
                   , DEL_YN                         = #{delYn}                          /* 삭제 여부                      */
                   , UPDT_ID                        = #{updtId}                         /* 수정 ID                        */
                   , UPDT_IP                        = #{updtIp}                         /* 수정 IP                        */
                   , UPDT_DTM                       = #{updtDtm}                        /* 수정 일시                      */
            WHERE  1 = 1
            AND    CO_ID                          = #{coId}                           /* 업체 ID                        */
            AND    OP_ID                          = #{opId}                           /* 업무 ID                        */
            AND    OP_SER_NUM                     = #{opSerNum}                       /* 업무 일련번호                  */
            AND    TRNSF_SER_NUM                  = #{trnsfSerNum}                    /* 이관 일련번호                  */
        ]]>
    </update>


    <!-- 프로젝트_담당자이관삭제 -->
    <delete id="deleteAPRJ20035_00" parameterType="Aprj20030Model" >
        <![CDATA[
            DELETE FROM APRJ20035
            WHERE  1 = 1
            AND    CO_ID                          = #{coId}                           /* 업체 ID                        */
            AND    OP_ID                          = #{opId}                           /* 업무 ID                        */
            AND    OP_SER_NUM                     = #{opSerNum}                       /* 업무 일련번호                  */
            AND    TRNSF_SER_NUM                  = IFNULL(#{trnsfSerNum}, TRNSF_SER_NUM)                    /* 이관 일련번호                  */
        ]]>
    </delete>


    <!-- 프로젝트_담당자이관삭제 -->
    <delete id="deleteAPRJ20035_01" parameterType="Aprj20030Model" >
        <![CDATA[
            TRUNCATE TABLE APRJ20035
        ]]>
    </delete>


    <!-- 프로젝트_담당자이관삭제 -->
    <delete id="deleteAPRJ20035_10" parameterType="AprjModel" >
        <![CDATA[
            DELETE FROM APRJ20035
            WHERE  1 = 1
            AND    CO_ID                          = #{coId}                           /* 업체 ID                        */
        ]]>
    </delete>


</mapper>