<?xml version="1.0" encoding="UTF-8"?>
<!DOCTYPE mapper
    PUBLIC "-//mybatis.org//DTD Mapper 3.0//EN"
    "http://mybatis.org/dtd/mybatis-3-mapper.dtd">
<mapper namespace="Aprj20041Query">



    <sql id="WhereQuery" >

    </sql>


    <sql id="InlineViewQuery" >
        <![CDATA[
            SELECT
                     APRJ20041.CO_ID                         coId                              /* 업체 ID                        */
                   , APRJ20041.OP_ID                         opId                              /* 업무 ID                        */
                   , APRJ20041.OP_SER_NUM                    opSerNum                          /* 업무 일련번호                  */
                   , APRJ20041.REQ_SER_NUM                   reqSerNum                         /* 요청 일련번호                  */
                   , APRJ20041.ITM_SER_NUM                   itmSerNum                         /* 항목 일련번호                  */
                   , APRJ20041.ITM_VAL                       itmVal                            /* 항목 값                        */
                   , APRJ20041.ITM_CTT                       itmCtt                            /* 항목 내용                      */
                   , APRJ20041.DEL_YN                        delYn                             /* 삭제 여부                      */

                   , APRJ20041.RGST_ID                       rgstId                            /* 등록 ID                        */
                   , RGST     .USER_NM                       rgstNm                            /* 등록 명                        */
                   , APRJ20041.RGST_IP                       rgstIp                            /* 등록 IP                        */
                   , APRJ20041.RGST_DTM                      rgstDtm                           /* 등록 일시                      */
                   , APRJ20041.UPDT_ID                       updtId                            /* 수정 ID                        */
                   , UPDT     .USER_NM                       updtNm                            /* 수정 명                        */
                   , APRJ20041.UPDT_IP                       updtIp                            /* 수정 IP                        */
                   , APRJ20041.UPDT_DTM                      updtDtm                           /* 수정 일시                      */

            FROM   APRJ20041

                   LEFT OUTER JOIN ZCOM99030 RGST
                   ON     RGST.USER_ID = APRJ20041.RGST_ID

                   LEFT OUTER JOIN ZCOM99030 UPDT
                   ON     UPDT.USER_ID = APRJ20041.UPDT_ID

            WHERE  1 = 1
        ]]>
    </sql>


    <!-- 프로젝트_선택항목리스트조회 -->
    <select id="selectAPRJ20041_00" parameterType="Aprj20030Model" resultType="Aprj20030Model" >
        <include refid="InlineViewQuery" />
        <include refid="WhereQuery" />
        <![CDATA[
            AND    APRJ20041.CO_ID                          = #{coId}                           /* 업체 ID                        */
            AND    APRJ20041.OP_ID                          = #{opId}                           /* 업무 ID                        */
            AND    APRJ20041.OP_SER_NUM                     = #{opSerNum}                       /* 업무 일련번호                  */
            AND    APRJ20041.REQ_SER_NUM                    = #{reqSerNum}                      /* 요청 일련번호                  */
            ORDER BY 
                     APRJ20041.CO_ID                         
                   , APRJ20041.OP_ID                         
                   , APRJ20041.OP_SER_NUM                    
                   , APRJ20041.REQ_SER_NUM                   
                   , APRJ20041.ITM_SER_NUM                   
        ]]>
    </select>

    <!-- 프로젝트_선택항목리스트수조회 -->
    <select id="selectAPRJ20041_01" parameterType="Aprj20030Model" resultType="Aprj20030Model" >
        <![CDATA[
            SELECT
                     COUNT(*) totCnt
            FROM   (
        ]]>
        <include refid="InlineViewQuery"/>
        <include refid="WhereQuery" />
        <![CDATA[
            AND    APRJ20041.CO_ID                          = #{coId}                           /* 업체 ID                        */
            AND    APRJ20041.OP_ID                          = #{opId}                           /* 업무 ID                        */
            AND    APRJ20041.OP_SER_NUM                     = #{opSerNum}                       /* 업무 일련번호                  */
            AND    APRJ20041.REQ_SER_NUM                    = #{reqSerNum}                      /* 요청 일련번호                  */
                   ) TOT
        ]]>
    </select>


    <!-- 프로젝트_선택항목조회 -->
    <select id="selectAPRJ20041_02" parameterType="Aprj20030Model" resultType="Aprj20030Model" >
        <include refid="InlineViewQuery" />
        <![CDATA[
            AND    APRJ20041.CO_ID                          = #{coId}                           /* 업체 ID                        */
            AND    APRJ20041.OP_ID                          = #{opId}                           /* 업무 ID                        */
            AND    APRJ20041.OP_SER_NUM                     = #{opSerNum}                       /* 업무 일련번호                  */
            AND    APRJ20041.REQ_SER_NUM                    = #{reqSerNum}                      /* 요청 일련번호                  */
            AND    APRJ20041.ITM_SER_NUM                    = #{itmSerNum}                      /* 항목 일련번호                  */
        ]]>
    </select>


    <!-- 프로젝트_선택항목등록 -->
    <insert id="insertAPRJ20041_00" parameterType="Aprj20030Model" >
        <selectKey order="BEFORE" keyProperty="itmSerNum" resultType="java.lang.String" >
        <![CDATA[
            SELECT IFNULL(MAX(ITM_SER_NUM), 0) + 1 itmSerNum
            FROM   APRJ20041
            WHERE  1 = 1
            AND    CO_ID                          = #{coId}                           /* 업체 ID                        */
            AND    OP_ID                          = #{opId}                           /* 업무 ID                        */
            AND    OP_SER_NUM                     = #{opSerNum}                       /* 업무 일련번호                  */
            AND    REQ_SER_NUM                    = #{reqSerNum}                      /* 요청 일련번호                  */
        ]]>
        </selectKey>
        <![CDATA[
            INSERT INTO APRJ20041
            (
                     CO_ID                             /* 업체 ID                        */
                   , OP_ID                             /* 업무 ID                        */
                   , OP_SER_NUM                        /* 업무 일련번호                  */
                   , REQ_SER_NUM                       /* 요청 일련번호                  */
                   , ITM_SER_NUM                       /* 항목 일련번호                  */
                   , ITM_VAL                           /* 항목 값                        */
                   , ITM_CTT                           /* 항목 내용                      */
                   , DEL_YN                            /* 삭제 여부                      */
                   , RGST_ID                           /* 등록 ID                        */
                   , RGST_IP                           /* 등록 IP                        */
                   , RGST_DTM                          /* 등록 일시                      */
                   , UPDT_ID                           /* 수정 ID                        */
                   , UPDT_IP                           /* 수정 IP                        */
                   , UPDT_DTM                          /* 수정 일시                      */
            ) VALUES (
                     #{coId}                           /* 업체 ID                        */
                   , #{opId}                           /* 업무 ID                        */
                   , #{opSerNum}                       /* 업무 일련번호                  */
                   , #{reqSerNum}                      /* 요청 일련번호                  */
                   , #{itmSerNum}                      /* 항목 일련번호                  */
                   , #{itmVal}                         /* 항목 값                        */
                   , #{itmCtt}                         /* 항목 내용                      */
                   , #{delYn}                          /* 삭제 여부                      */
                   , #{rgstId}                         /* 등록 ID                        */
                   , #{rgstIp}                         /* 등록 IP                        */
                   , #{rgstDtm}                        /* 등록 일시                      */
                   , #{updtId}                         /* 수정 ID                        */
                   , #{updtIp}                         /* 수정 IP                        */
                   , #{updtDtm}                        /* 수정 일시                      */
            )
        ]]>
    </insert>


    <!-- 프로젝트_선택항목등록 -->
    <insert id="insertAPRJ20041_10" parameterType="Aprj20030Model" >
        <![CDATA[
            INSERT INTO APRJ20041
            (
                     CO_ID                             /* 업체 ID                        */
                   , OP_ID                             /* 업무 ID                        */
                   , OP_SER_NUM                        /* 업무 일련번호                  */
                   , REQ_SER_NUM                       /* 요청 일련번호                  */
                   , ITM_SER_NUM                       /* 항목 일련번호                  */
                   , ITM_VAL                           /* 항목 값                        */
                   , ITM_CTT                           /* 항목 내용                      */
                   , DEL_YN                            /* 삭제 여부                      */
                   , RGST_ID                           /* 등록 ID                        */
                   , RGST_IP                           /* 등록 IP                        */
                   , RGST_DTM                          /* 등록 일시                      */
                   , UPDT_ID                           /* 수정 ID                        */
                   , UPDT_IP                           /* 수정 IP                        */
                   , UPDT_DTM                          /* 수정 일시                      */
            ) 
            SELECT
                     #{coId}                           /* 업체 ID                        */
                   , OP_ID                             /* 업무 ID                        */
                   , 1                                 /* 업무 일련번호                  */
                   , REQ_SER_NUM                       /* 요청 일련번호                  */
                   , ITM_SER_NUM                       /* 항목 일련번호                  */
                   , ITM_VAL                           /* 항목 값                        */
                   , ITM_CTT                           /* 항목 내용                      */
                   , APRJ20041.DEL_YN                        delYn                             /* 삭제 여부                      */

                   , #{rgstId}                         /* 등록 ID                        */
                   , #{rgstIp}                         /* 등록 IP                        */
                   , #{rgstDtm}                        /* 등록 일시                      */
                   , #{updtId}                         /* 수정 ID                        */
                   , #{updtIp}                         /* 수정 IP                        */
                   , #{updtDtm}                        /* 수정 일시                      */
            FROM   APRJ20041
            WHERE  1 = 1
            AND    (CO_ID, OP_ID, OP_SER_NUM) IN (
        ]]>
        <include refid="Zcom99000Query.selectAPRJ20031_00" />
        <![CDATA[
                                                 )
        ]]>
    </insert>


    <!-- 프로젝트_선택항목등록 -->
    <insert id="insertAPRJ20041_20" parameterType="Aprj20030Model" >
        <![CDATA[
            INSERT INTO APRJ20041
            (
                     CO_ID                             /* 업체 ID                        */
                   , OP_ID                             /* 업무 ID                        */
                   , OP_SER_NUM                        /* 업무 일련번호                  */
                   , REQ_SER_NUM                       /* 요청 일련번호                  */
                   , ITM_SER_NUM                       /* 항목 일련번호                  */
                   , ITM_VAL                           /* 항목 값                        */
                   , ITM_CTT                           /* 항목 내용                      */
                   , DEL_YN                            /* 삭제 여부                      */
                   , RGST_ID                           /* 등록 ID                        */
                   , RGST_IP                           /* 등록 IP                        */
                   , RGST_DTM                          /* 등록 일시                      */
                   , UPDT_ID                           /* 수정 ID                        */
                   , UPDT_IP                           /* 수정 IP                        */
                   , UPDT_DTM                          /* 수정 일시                      */
            ) 
            SELECT
                     CO_ID                             /* 업체 ID                        */
                   , OP_ID                             /* 업무 ID                        */
                   , #{verUpOpSerNum}                  /* 업무 일련번호                  */
                   , REQ_SER_NUM                       /* 요청 일련번호                  */
                   , ITM_SER_NUM                       /* 항목 일련번호                  */
                   , ITM_VAL                           /* 항목 값                        */
                   , ITM_CTT                           /* 항목 내용                      */
                   , DEL_YN                            /* 삭제 여부                      */

                   , #{rgstId}                         /* 등록 ID                        */
                   , #{rgstIp}                         /* 등록 IP                        */
                   , #{rgstDtm}                        /* 등록 일시                      */
                   , #{updtId}                         /* 수정 ID                        */
                   , #{updtIp}                         /* 수정 IP                        */
                   , #{updtDtm}                        /* 수정 일시                      */
            FROM   APRJ20041
            WHERE  1 = 1
            AND    CO_ID                          = #{coId}                           /* 업체 ID                        */
            AND    OP_ID                          = #{opId}                           /* 프로젝트 ID                    */
            AND    OP_SER_NUM                     = #{opSerNum}                       /* 업무 일련번호                  */
        ]]>
    </insert>


    <!-- 프로젝트_선택항목수정 -->
    <update id="updateAPRJ20041_00" parameterType="Aprj20030Model" >
        <![CDATA[
            UPDATE APRJ20041 SET
                     ITM_VAL                        = #{itmVal}                         /* 항목 값                        */
                   , ITM_CTT                        = #{itmCtt}                         /* 항목 내용                      */
                   , DEL_YN                         = #{delYn}                          /* 삭제 여부                      */
                   , UPDT_ID                        = #{updtId}                         /* 수정 ID                        */
                   , UPDT_IP                        = #{updtIp}                         /* 수정 IP                        */
                   , UPDT_DTM                       = #{updtDtm}                        /* 수정 일시                      */
            WHERE  1 = 1
            AND    CO_ID                          = #{coId}                           /* 업체 ID                        */
            AND    OP_ID                          = #{opId}                           /* 업무 ID                        */
            AND    OP_SER_NUM                     = #{opSerNum}                       /* 업무 일련번호                  */
            AND    REQ_SER_NUM                    = #{reqSerNum}                      /* 요청 일련번호                  */
            AND    ITM_SER_NUM                    = #{itmSerNum}                      /* 항목 일련번호                  */
        ]]>
    </update>


    <!-- 프로젝트_선택항목삭제 -->
    <delete id="deleteAPRJ20041_00" parameterType="Aprj20030Model" >
        <![CDATA[
            DELETE FROM APRJ20041
            WHERE  1 = 1
            AND    CO_ID                          = #{coId}                           /* 업체 ID                        */
            AND    OP_ID                          = #{opId}                           /* 업무 ID                        */
            AND    OP_SER_NUM                     = #{opSerNum}                       /* 업무 일련번호                  */
            AND    REQ_SER_NUM                    = IFNULL(#{reqSerNum}, REQ_SER_NUM) /* 요청 일련번호                  */
            AND    ITM_SER_NUM                    = IFNULL(#{itmSerNum}, ITM_SER_NUM) /* 항목 일련번호                  */
        ]]>
    </delete>


    <!-- 프로젝트_선택항목삭제 -->
    <delete id="deleteAPRJ20041_01" parameterType="Aprj20030Model" >
        <![CDATA[
            TRUNCATE TABLE APRJ20041
        ]]>
    </delete>


    <!-- 프로젝트_선택항목삭제 -->
    <delete id="deleteAPRJ20041_10" parameterType="AprjModel" >
        <![CDATA[
            DELETE FROM APRJ20041
            WHERE  1 = 1
            AND    CO_ID                          = #{coId}                           /* 업체 ID                        */
        ]]>
    </delete>


</mapper>