<?xml version="1.0" encoding="UTF-8"?>
<!DOCTYPE mapper
    PUBLIC "-//mybatis.org//DTD Mapper 3.0//EN"
    "http://mybatis.org/dtd/mybatis-3-mapper.dtd">
<mapper namespace="Aprj20033Query">



    <sql id="WhereQuery" >

    </sql>


    <sql id="InlineViewQuery" >
        <![CDATA[
            SELECT
                     APRJ20033.CO_ID                         coId                              /* 업체 ID                        */
                   , APRJ20033.OP_ID                         opId                              /* 업무 ID                        */
                   , APRJ20033.OP_SER_NUM                    opSerNum                          /* 업무 일련번호                  */
                   , APRJ20033.PRJ_ID                        prjId                             /* 프로젝트 ID                    */
                   , APRJ20010.PRJ_NM                        prjNm                             /* 프로젝트 명                    */
                   , APRJ20033.CTRL_NUM                      ctrlNum                           /* 통제 번호                      */
                   , APRJ20020.CTRL_NM                       ctrlNm                            /* 통제 명                        */
                   , APRJ20033.AST_CL_ID                     astClId                           /* 자산 구분 ID                   */
                   , APRJ20033.AST_CL_NM                     astClNm                           /* 자산 구분 명                   */
                   , APRJ20033.OP_CHRG_ID                    opChrgId                          /* 업무 담당 ID                   */
                   , APRJ20033.OP_CHRG_NM                    opChrgNm                          /* 업무 담당 명                   */
                   , APRJ20033.DEL_YN                        delYn                             /* 삭제 여부                      */

                   , APRJ20033.RGST_ID                       rgstId                            /* 등록 ID                        */
                   , RGST     .USER_NM                       rgstNm                            /* 등록 명                        */
                   , APRJ20033.RGST_IP                       rgstIp                            /* 등록 IP                        */
                   , APRJ20033.RGST_DTM                      rgstDtm                           /* 등록 일시                      */
                   , APRJ20033.UPDT_ID                       updtId                            /* 수정 ID                        */
                   , UPDT     .USER_NM                       updtNm                            /* 수정 명                        */
                   , APRJ20033.UPDT_IP                       updtIp                            /* 수정 IP                        */
                   , APRJ20033.UPDT_DTM                      updtDtm                           /* 수정 일시                      */

            FROM   APRJ20033

                   LEFT OUTER JOIN APRJ20010
                   ON     APRJ20010.CO_ID      = APRJ20033.CO_ID
                   AND    APRJ20010.PRJ_ID     = APRJ20033.PRJ_ID

                   LEFT OUTER JOIN APRJ20020
                   ON     APRJ20020.CO_ID      = APRJ20033.CO_ID
                   AND    APRJ20020.PRJ_ID     = APRJ20033.PRJ_ID
                   AND    APRJ20020.CTRL_NUM   = APRJ20033.CTRL_NUM

                   LEFT OUTER JOIN ZCOM99030 RGST
                   ON     RGST.USER_ID = APRJ20033.RGST_ID

                   LEFT OUTER JOIN ZCOM99030 UPDT
                   ON     UPDT.USER_ID = APRJ20033.UPDT_ID

            WHERE  1 = 1
        ]]>
    </sql>


    <!-- 프로젝트_업무담당리스트조회 -->
    <select id="selectAPRJ20033_00" parameterType="Aprj20030Model" resultType="Aprj20030Model" >
        <include refid="Zcom99000Query.PagingTop" />
        <include refid="InlineViewQuery" />
        <include refid="WhereQuery" />
        <![CDATA[
            AND    APRJ20033.CO_ID                          = #{coId}                           /* 업체 ID                        */
            AND    APRJ20033.OP_ID                          = #{opId}                           /* 업무 ID                        */
            AND    APRJ20033.OP_SER_NUM                     = #{opSerNum}                       /* 업무 일련번호                  */
            ORDER BY 
                     APRJ20033.CO_ID                         
                   , APRJ20033.OP_ID                         
                   , APRJ20033.OP_SER_NUM                    
                   , APRJ20033.PRJ_ID                        
                   , APRJ20033.CTRL_NUM                      
                   , APRJ20033.AST_CL_ID                     
                   , APRJ20033.OP_CHRG_ID                    
        ]]>
        <include refid="Zcom99000Query.PagingBottom" />
    </select>


    <!-- 프로젝트_업무담당리스트수조회 -->
    <select id="selectAPRJ20033_01" parameterType="Aprj20030Model" resultType="Aprj20030Model" >
        <![CDATA[
            SELECT
                     COUNT(*) totCnt
            FROM   (
        ]]>
        <include refid="InlineViewQuery"/>
        <include refid="WhereQuery" />
        <![CDATA[
            AND    APRJ20033.CO_ID                          = #{coId}                           /* 업체 ID                        */
            AND    APRJ20033.OP_ID                          = #{opId}                           /* 업무 ID                        */
            AND    APRJ20033.OP_SER_NUM                     = #{opSerNum}                       /* 업무 일련번호                  */
                   ) TOT
        ]]>
    </select>


    <!-- 프로젝트_업무담당조회 -->
    <select id="selectAPRJ20033_02" parameterType="Aprj20030Model" resultType="Aprj20030Model" >
        <include refid="InlineViewQuery" />
        <![CDATA[
            AND    APRJ20033.CO_ID                          = #{coId}                           /* 업체 ID                        */
            AND    APRJ20033.OP_ID                          = #{opId}                           /* 업무 ID                        */
            AND    APRJ20033.OP_SER_NUM                     = #{opSerNum}                       /* 업무 일련번호                  */
            AND    APRJ20033.PRJ_ID                         = #{prjId}                          /* 프로젝트 ID                    */
            AND    APRJ20033.CTRL_NUM                       = #{ctrlNum}                        /* 통제 번호                      */
            AND    APRJ20033.AST_CL_ID                      = #{astClId}                        /* 자산 구분 ID                   */
            AND    APRJ20033.OP_CHRG_ID                     = #{opChrgId}                       /* 업무 담당 ID                   */
        ]]>
    </select>


    <!-- 프로젝트_업무담당리스트조회 -->
    <select id="selectAPRJ20033_03" parameterType="Aprj20030Model" resultType="Aprj20030Model" >
        <include refid="Zcom99000Query.PagingTop" />
        <include refid="InlineViewQuery" />
        <include refid="WhereQuery" />
        <![CDATA[
            AND    APRJ20033.CO_ID                          = #{coId}                           /* 업체 ID                        */
            AND    APRJ20033.OP_ID                          = #{opId}                           /* 업무 ID                        */
            AND    APRJ20033.OP_SER_NUM                     = #{opSerNum}                       /* 업무 일련번호                  */
            GROUP BY 
                     APRJ20033.OP_CHRG_ID                    
            ORDER BY 
                     APRJ20033.OP_CHRG_ID                    
        ]]>
        <include refid="Zcom99000Query.PagingBottom" />
    </select>


    <!-- 프로젝트_업무담당리스트조회 -->
    <select id="selectAPRJ20033_04" parameterType="Aprj20030Model" resultType="Aprj20030Model" >
        <![CDATA[
            SELECT
                     COUNT(*) totCnt
            FROM   (
        ]]>
        <include refid="InlineViewQuery"/>
        <include refid="WhereQuery" />
        <![CDATA[
            AND    APRJ20033.CO_ID                          = #{coId}                           /* 업체 ID                        */
            AND    APRJ20033.OP_ID                          = #{opId}                           /* 업무 ID                        */
            AND    APRJ20033.OP_SER_NUM                     = #{opSerNum}                       /* 업무 일련번호                  */
            GROUP BY 
                     APRJ20033.OP_CHRG_ID                    
                   ) TOT
        ]]>
    </select>


    <!-- 프로젝트_업무담당등록 -->
    <insert id="insertAPRJ20033_00" parameterType="Aprj20030Model" >
        <![CDATA[
            INSERT INTO APRJ20033
            (
                     CO_ID                             /* 업체 ID                        */
                   , OP_ID                             /* 업무 ID                        */
                   , OP_SER_NUM                        /* 업무 일련번호                  */
                   , PRJ_ID                            /* 프로젝트 ID                    */
                   , CTRL_NUM                          /* 통제 번호                      */
                   , AST_CL_ID                         /* 자산 구분 ID                   */
                   , AST_CL_NM                         /* 자산 구분 명                   */
                   , OP_CHRG_ID                        /* 업무 담당 ID                   */
                   , OP_CHRG_NM                        /* 업무 담당 명                   */
                   , DEL_YN                            /* 삭제 여부                      */
                   , RGST_ID                           /* 등록 ID                        */
                   , RGST_IP                           /* 등록 IP                        */
                   , RGST_DTM                          /* 등록 일시                      */
                   , UPDT_ID                           /* 수정 ID                        */
                   , UPDT_IP                           /* 수정 IP                        */
                   , UPDT_DTM                          /* 수정 일시                      */
            ) VALUES (
                     #{coId}                           /* 업체 ID                        */
                   , #{opId}                           /* 업무 ID                        */
                   , #{opSerNum}                       /* 업무 일련번호                  */
                   , #{prjId}                          /* 프로젝트 ID                    */
                   , #{ctrlNum}                        /* 통제 번호                      */
                   , #{astClId}                        /* 자산 구분 ID                   */
                   , #{astClNm}                        /* 자산 구분 명                   */
                   , #{opChrgId}                       /* 업무 담당 ID                   */
                   , #{opChrgNm}                       /* 업무 담당 명                   */
                   , #{delYn}                          /* 삭제 여부                      */
                   , #{rgstId}                         /* 등록 ID                        */
                   , #{rgstIp}                         /* 등록 IP                        */
                   , #{rgstDtm}                        /* 등록 일시                      */
                   , #{updtId}                         /* 수정 ID                        */
                   , #{updtIp}                         /* 수정 IP                        */
                   , #{updtDtm}                        /* 수정 일시                      */
            )
        ]]>
    </insert>


    <!-- 프로젝트_업무담당등록 -->
    <insert id="insertAPRJ20033_01" parameterType="Aprj20030Model" >
        <![CDATA[
            INSERT INTO APRJ20033
            (
                     CO_ID                             /* 업체 ID                        */
                   , OP_ID                             /* 업무 ID                        */
                   , OP_SER_NUM                        /* 업무 일련번호                  */
                   , PRJ_ID                            /* 프로젝트 ID                    */
                   , CTRL_NUM                          /* 통제 번호                      */
                   , AST_CL_ID                         /* 자산 구분 ID                   */
                   , AST_CL_NM                         /* 자산 구분 명                   */
                   , OP_CHRG_ID                        /* 업무 담당 ID                   */
                   , OP_CHRG_NM                        /* 업무 담당 명                   */
                   , DEL_YN                            /* 삭제 여부                      */
                   , RGST_ID                           /* 등록 ID                        */
                   , RGST_IP                           /* 등록 IP                        */
                   , RGST_DTM                          /* 등록 일시                      */
                   , UPDT_ID                           /* 수정 ID                        */
                   , UPDT_IP                           /* 수정 IP                        */
                   , UPDT_DTM                          /* 수정 일시                      */
            ) 
            SELECT
                     #{coId}                           /* 업체 ID                        */
                   , #{opId}                           /* 업무 ID                        */
                   , #{opSerNum}                       /* 업무 일련번호                  */
                   , APRJ20031.PRJ_ID                  /* 프로젝트 ID                    */
                   , APRJ20031.CTRL_NUM                /* 통제 번호                      */
                   , APRJ20021.AST_CL_ID               /* 자산 구분 ID                   */
                   , APRJ10010.AST_CL_NM               /* 자산 구분 명                   */
                   , APRJ10022.OP_CHRG_ID              /* 업무 담당 ID                   */
                   , APRJ10020.OP_CHRG_NM              /* 업무 담당 명                   */
                   , #{delYn}                          /* 삭제 여부                      */
                   , #{rgstId}                         /* 등록 ID                        */
                   , #{rgstIp}                         /* 등록 IP                        */
                   , #{rgstDtm}                        /* 등록 일시                      */
                   , #{updtId}                         /* 수정 ID                        */
                   , #{updtIp}                         /* 수정 IP                        */
                   , #{updtDtm}                        /* 수정 일시                      */

            FROM   APRJ20031
            
                   LEFT OUTER JOIN APRJ20021
                   ON     APRJ20021.CO_ID      = APRJ20031.CO_ID
                   AND    APRJ20021.PRJ_ID     = APRJ20031.PRJ_ID
                   AND    APRJ20021.CTRL_NUM   = APRJ20031.CTRL_NUM
            
                   LEFT OUTER JOIN APRJ10010
                   ON     APRJ10010.CO_ID      = APRJ20021.CO_ID
                   AND    APRJ10010.AST_CL_ID  = APRJ20021.AST_CL_ID

                   LEFT OUTER JOIN APRJ10022
                   ON     APRJ10022.CO_ID      = APRJ10010.CO_ID
                   AND    APRJ10022.AST_CL_ID  = APRJ10010.AST_CL_ID

                   LEFT OUTER JOIN APRJ10020
                   ON     APRJ10020.CO_ID      = APRJ10022.CO_ID
                   AND    APRJ10020.OP_CHRG_ID = APRJ10022.OP_CHRG_ID

                   LEFT OUTER JOIN APRJ20033
                   ON     APRJ20033.CO_ID      = APRJ20031.CO_ID
                   AND    APRJ20033.OP_ID      = APRJ20031.OP_ID
                   AND    APRJ20033.OP_SER_NUM = APRJ20031.OP_SER_NUM
                   AND    APRJ20033.PRJ_ID     = APRJ20031.PRJ_ID
                   AND    APRJ20033.CTRL_NUM   = APRJ20031.CTRL_NUM
                   AND    APRJ20033.AST_CL_ID  = APRJ20021.AST_CL_ID
                   AND    APRJ20033.OP_CHRG_ID = APRJ10022.OP_CHRG_ID
                   
            WHERE  1 = 1
            AND    APRJ20031.CO_ID                          = #{coId}                           /* 업체 ID                        */
            AND    APRJ20031.OP_ID                          = #{opId}                           /* 업무 ID                        */
            AND    APRJ20031.OP_SER_NUM                     = #{opSerNum}                       /* 업무 일련번호                  */
            AND    APRJ20031.PRJ_ID                         = #{prjId}                          /* 프로젝트 ID                    */
            AND    APRJ20031.CTRL_NUM                       = #{ctrlNum}                        /* 통제 번호                      */
            AND    APRJ10022.OP_CHRG_ID                    IS NOT NULL
            AND    APRJ20033.OP_CHRG_ID                    IS NULL
        ]]>
    </insert>


    <!-- 프로젝트_업무담당등록 -->
    <insert id="insertAPRJ20033_10" parameterType="Aprj20030Model" >
        <![CDATA[
            INSERT INTO APRJ20033
            (
                     CO_ID                             /* 업체 ID                        */
                   , OP_ID                             /* 업무 ID                        */
                   , OP_SER_NUM                        /* 업무 일련번호                  */
                   , PRJ_ID                            /* 프로젝트 ID                    */
                   , CTRL_NUM                          /* 통제 번호                      */
                   , AST_CL_ID                         /* 자산 구분 ID                   */
                   , AST_CL_NM                         /* 자산 구분 명                   */
                   , OP_CHRG_ID                        /* 업무 담당 ID                   */
                   , OP_CHRG_NM                        /* 업무 담당 명                   */
                   , DEL_YN                            /* 삭제 여부                      */
                   , RGST_ID                           /* 등록 ID                        */
                   , RGST_IP                           /* 등록 IP                        */
                   , RGST_DTM                          /* 등록 일시                      */
                   , UPDT_ID                           /* 수정 ID                        */
                   , UPDT_IP                           /* 수정 IP                        */
                   , UPDT_DTM                          /* 수정 일시                      */
            ) 
            SELECT
                     #{coId}                           /* 업체 ID                        */
                   , APRJ20033.OP_ID                   /* 업무 ID                        */
                   , 1                                 /* 업무 일련번호                  */
                   , APRJ20033.PRJ_ID                  /* 프로젝트 ID                    */
                   , APRJ20033.CTRL_NUM                /* 통제 번호                      */
                   , APRJ20033.AST_CL_ID               /* 자산 구분 ID                   */
                   , APRJ10010.AST_CL_NM               /* 자산 구분 명                   */
                   , APRJ20033.OP_CHRG_ID              /* 업무 담당 ID                   */
                   , APRJ10020.OP_CHRG_NM              /* 업무 담당 명                   */
                   , DEL_YN                            /* 삭제 여부                      */

                   , #{rgstId}                         /* 등록 ID                        */
                   , #{rgstIp}                         /* 등록 IP                        */
                   , #{rgstDtm}                        /* 등록 일시                      */
                   , #{updtId}                         /* 수정 ID                        */
                   , #{updtIp}                         /* 수정 IP                        */
                   , #{updtDtm}                        /* 수정 일시                      */
            FROM   APRJ20033
            
                   LEFT OUTER JOIN APRJ10010
                   ON     APRJ10010.CO_ID      = APRJ20033.CO_ID
                   AND    APRJ10010.AST_CL_ID  = APRJ20033.AST_CL_ID

                   LEFT OUTER JOIN APRJ10020
                   ON     APRJ10020.CO_ID      = APRJ20033.CO_ID
                   AND    APRJ10020.OP_CHRG_ID = APRJ20033.OP_CHRG_ID

            WHERE  1 = 1
            AND    (APRJ20033.CO_ID, APRJ20033.OP_ID, APRJ20033.OP_SER_NUM) IN (
        ]]>
        <include refid="Zcom99000Query.selectAPRJ20031_00" />
        <![CDATA[
                                                 )
        ]]>
    </insert>


    <!-- 프로젝트_업무담당등록 -->
    <insert id="insertAPRJ20033_20" parameterType="Aprj20030Model" >
        <![CDATA[
            INSERT INTO APRJ20033
            (
                     CO_ID                             /* 업체 ID                        */
                   , OP_ID                             /* 업무 ID                        */
                   , OP_SER_NUM                        /* 업무 일련번호                  */
                   , PRJ_ID                            /* 프로젝트 ID                    */
                   , CTRL_NUM                          /* 통제 번호                      */
                   , AST_CL_ID                         /* 자산 구분 ID                   */
                   , AST_CL_NM                         /* 자산 구분 명                   */
                   , OP_CHRG_ID                        /* 업무 담당 ID                   */
                   , OP_CHRG_NM                        /* 업무 담당 명                   */
                   , DEL_YN                            /* 삭제 여부                      */
                   , RGST_ID                           /* 등록 ID                        */
                   , RGST_IP                           /* 등록 IP                        */
                   , RGST_DTM                          /* 등록 일시                      */
                   , UPDT_ID                           /* 수정 ID                        */
                   , UPDT_IP                           /* 수정 IP                        */
                   , UPDT_DTM                          /* 수정 일시                      */
            ) 
            SELECT
                     #{coId}                           /* 업체 ID                        */
                   , #{opId}                           /* 업무 ID                        */
                   , #{verUpOpSerNum}                  /* 업무 일련번호                  */
                   , APRJ20033.PRJ_ID                  /* 프로젝트 ID                    */
                   , APRJ20033.CTRL_NUM                /* 통제 번호                      */
                   , APRJ20033.AST_CL_ID               /* 자산 구분 ID                   */
                   , APRJ10010.AST_CL_NM               /* 자산 구분 명                   */
                   , APRJ20033.OP_CHRG_ID              /* 업무 담당 ID                   */
                   , APRJ10020.OP_CHRG_NM              /* 업무 담당 명                   */
                   , DEL_YN                            /* 삭제 여부                      */

                   , #{rgstId}                         /* 등록 ID                        */
                   , #{rgstIp}                         /* 등록 IP                        */
                   , #{rgstDtm}                        /* 등록 일시                      */
                   , #{updtId}                         /* 수정 ID                        */
                   , #{updtIp}                         /* 수정 IP                        */
                   , #{updtDtm}                        /* 수정 일시                      */
            FROM   APRJ20033
            
                   LEFT OUTER JOIN APRJ10010
                   ON     APRJ10010.CO_ID      = APRJ20033.CO_ID
                   AND    APRJ10010.AST_CL_ID  = APRJ20033.AST_CL_ID

                   LEFT OUTER JOIN APRJ10020
                   ON     APRJ10020.CO_ID      = APRJ20033.CO_ID
                   AND    APRJ10020.OP_CHRG_ID = APRJ20033.OP_CHRG_ID

            WHERE  1 = 1
            AND    APRJ20033.CO_ID                          = #{coId}                           /* 업체 ID                        */
            AND    APRJ20033.OP_ID                          = #{opId}                           /* 프로젝트 ID                    */
            AND    APRJ20033.OP_SER_NUM                     = #{opSerNum}                       /* 업무 일련번호                  */
        ]]>
    </insert>


    <!-- 프로젝트_업무담당수정 -->
    <update id="updateAPRJ20033_00" parameterType="Aprj20030Model" >
        <![CDATA[
            UPDATE APRJ20033 SET
                     DEL_YN                         = #{delYn}                          /* 삭제 여부                      */
                   , UPDT_ID                        = #{updtId}                         /* 수정 ID                        */
                   , UPDT_IP                        = #{updtIp}                         /* 수정 IP                        */
                   , UPDT_DTM                       = #{updtDtm}                        /* 수정 일시                      */
            WHERE  1 = 1
            AND    CO_ID                          = #{coId}                           /* 업체 ID                        */
            AND    OP_ID                          = #{opId}                           /* 업무 ID                        */
            AND    OP_SER_NUM                     = #{opSerNum}                       /* 업무 일련번호                  */
            AND    PRJ_ID                         = #{prjId}                          /* 프로젝트 ID                    */
            AND    CTRL_NUM                       = #{ctrlNum}                        /* 통제 번호                      */
            AND    AST_CL_ID                      = #{astClId}                        /* 자산 구분 ID                   */
            AND    OP_CHRG_ID                     = #{opChrgId}                       /* 업무 담당 ID                   */
        ]]>
    </update>


    <!-- 프로젝트_업무담당수정 -->
    <update id="updateAPRJ20033_01" parameterType="Aprj20030Model" >
        <![CDATA[
            UPDATE APRJ20033 SET
                     OP_CHRG_ID                     = #{trnsfOpChrgId}                  /* 업무 담당 ID                   */
                   , OP_CHRG_NM                     = #{trnsfOpChrgNm}                  /* 업무 담당 명                   */
                   , DEL_YN                         = #{delYn}                          /* 삭제 여부                      */
                   , UPDT_ID                        = #{updtId}                         /* 수정 ID                        */
                   , UPDT_IP                        = #{updtIp}                         /* 수정 IP                        */
                   , UPDT_DTM                       = #{updtDtm}                        /* 수정 일시                      */
            WHERE  1 = 1
            AND    CO_ID                          = #{coId}                           /* 업체 ID                        */
            AND    OP_ID                          = #{opId}                           /* 업무 ID                        */
            AND    OP_SER_NUM                     = #{opSerNum}                       /* 업무 일련번호                  */
            AND    OP_CHRG_ID                     = #{opChrgId}                       /* 업무 담당 ID                   */
            AND    OP_CHRG_ID                    <> #{trnsfOpChrgId}                  /* 업무 담당 ID                   */
        ]]>
    </update>


    <!-- 프로젝트_업무담당삭제 -->
    <delete id="deleteAPRJ20033_00" parameterType="Aprj20030Model" >
        <![CDATA[
            DELETE FROM APRJ20033
            WHERE  1 = 1
            AND    CO_ID                          = #{coId}                           /* 업체 ID                        */
            AND    OP_ID                          = #{opId}                           /* 업무 ID                        */
            AND    OP_SER_NUM                     = #{opSerNum}                       /* 업무 일련번호                  */
            AND    PRJ_ID                         = IFNULL(#{prjId}   , PRJ_ID    )   /* 프로젝트 ID                    */
            AND    CTRL_NUM                       = IFNULL(#{ctrlNum} , CTRL_NUM  )   /* 통제 번호                      */
            AND    AST_CL_ID                      = IFNULL(#{astClId} , AST_CL_ID )   /* 자산 구분 ID                   */
            AND    OP_CHRG_ID                     = IFNULL(#{opChrgId}, OP_CHRG_ID)   /* 업무 담당 ID                   */
        ]]>
    </delete>


    <!-- 프로젝트_업무담당삭제 -->
    <delete id="deleteAPRJ20033_01" parameterType="Aprj20030Model" >
        <![CDATA[
            TRUNCATE TABLE APRJ20033
        ]]>
    </delete>


    <!-- 프로젝트_업무담당수정 -->
    <update id="deleteAPRJ20033_02" parameterType="Aprj20030Model" >
        <![CDATA[
            DELETE APRJ20033 FROM APRJ20033
            
                   INNER JOIN (
                                SELECT
                                         CO_ID                             /* 업체 ID                        */
                                       , OP_ID                             /* 업무 ID                        */
                                       , OP_SER_NUM                        /* 업무 일련번호                  */
                                       , PRJ_ID                            /* 프로젝트 ID                    */
                                       , CTRL_NUM                          /* 통제 번호                      */
                                       , AST_CL_ID                         /* 자산 구분 ID                   */
                                       , #{trnsfOpChrgId} OP_CHRG_ID       /* 업무 담당 ID                   */
                                FROM   APRJ20033
                                WHERE  1 = 1
                                AND    CO_ID                          = #{coId}                           /* 업체 ID                        */
                                AND    OP_ID                          = #{opId}                           /* 업무 ID                        */
                                AND    OP_SER_NUM                     = #{opSerNum}                       /* 업무 일련번호                  */
                                AND    OP_CHRG_ID                     = #{opChrgId}                       /* 업무 담당 ID                   */
                              ) TEMP
            
            WHERE  1 = 1
            AND    APRJ20033.CO_ID                          = TEMP.CO_ID
            AND    APRJ20033.OP_ID                          = TEMP.OP_ID
            AND    APRJ20033.OP_SER_NUM                     = TEMP.OP_SER_NUM
            AND    APRJ20033.PRJ_ID                         = TEMP.PRJ_ID
            AND    APRJ20033.CTRL_NUM                       = TEMP.CTRL_NUM
            AND    APRJ20033.AST_CL_ID                      = TEMP.AST_CL_ID
            AND    APRJ20033.OP_CHRG_ID                     = TEMP.OP_CHRG_ID
        ]]>
    </update>


    <!-- 프로젝트_업무담당수정 -->
    <update id="deleteAPRJ20033_02_" parameterType="Aprj20030Model" >
        <![CDATA[
            DELETE FROM APRJ20033
            WHERE  1 = 1
            AND    (CO_ID, OP_ID, OP_SER_NUM, PRJ_ID, CTRL_NUM, AST_CL_ID, OP_CHRG_ID) IN (
                                                                                            SELECT * FROM (
                                                                                            SELECT
                                                                                                     CO_ID                             /* 업체 ID                        */
                                                                                                   , OP_ID                             /* 업무 ID                        */
                                                                                                   , OP_SER_NUM                        /* 업무 일련번호                  */
                                                                                                   , PRJ_ID                            /* 프로젝트 ID                    */
                                                                                                   , CTRL_NUM                          /* 통제 번호                      */
                                                                                                   , AST_CL_ID                         /* 자산 구분 ID                   */
                                                                                                   , #{trnsfOpChrgId}                  /* 업무 담당 ID                   */
                                                                                            FROM   APRJ20033
                                                                                            WHERE  1 = 1
                                                                                            AND    CO_ID                          = #{coId}                           /* 업체 ID                        */
                                                                                            AND    OP_ID                          = #{opId}                           /* 업무 ID                        */
                                                                                            AND    OP_SER_NUM                     = #{opSerNum}                       /* 업무 일련번호                  */
                                                                                            AND    OP_CHRG_ID                     = #{opChrgId}                       /* 업무 담당 ID                   */
                                                                                            ) TEMP
                                                                                          )
        ]]>
    </update>


    <!-- 프로젝트_업무담당삭제 -->
    <delete id="deleteAPRJ20033_10" parameterType="AprjModel" >
        <![CDATA[
            DELETE FROM APRJ20033
            WHERE  1 = 1
            AND    CO_ID                          = #{coId}                           /* 업체 ID                        */
        ]]>
    </delete>


</mapper>