﻿<?xml version="1.0" encoding="UTF-8" ?>
<!DOCTYPE log4j:configuration SYSTEM "log4j.dtd">
<log4j:configuration xmlns:log4j='http://jakarta.apache.org/log4j/'>

    <appender name="CONSOLE" class="org.apache.log4j.ConsoleAppender">
        <layout class="org.apache.log4j.PatternLayout">
            <param name="ConversionPattern" 
                value = "%d [%p] %m%n"
                />
                <!--value="%p - %C{1}.%M(%L) | %m%n"/>-->
        </layout>
    </appender>

    <appender name="FILEAPPENDER" class="org.apache.log4j.RollingFileAppender">
        <param name="append" value="true"/>
        <param name="file" value="/IO/tomcat/log/rfidw/rfidw.log"/>
        <param name="maxFileSize" value="5MB"/>
        <param name="maxBackupIndex" value="100"/>
        <layout class="org.apache.log4j.PatternLayout">
            <param name="ConversionPattern" 
                value = "%d [%p] [Class : %C{1}] [Method : %M ()] %n#%m%n"
                />
        </layout>
    </appender>
    
    <appender name="DAILYROLLING" class="org.apache.log4j.DailyRollingFileAppender">
        <param name="file" value="/IO/tomcat/log/rfidw/rfidw.log" />
        <param name="Append" value="true" />
        <param name="DatePattern" value="'.'yyyyMMdd" />
        <layout class="org.apache.log4j.PatternLayout">
            <param name="ConversionPattern" 
                value = "%d [%p] %m%n"
                />
                <!--value="%d{MMM dd hh:mm:ss aa} %p - %C{1}.%M(%L) | %m%n"/>-->
        </layout>
    </appender>


    <logger name="org.springframework.core.env">
        <level value="warn"/>
    </logger>
    
    <logger name="org.springframework.beans">
        <level value="warn"/>
    </logger>
    
    <logger name="org.springframework.web.servlet">
        <level value="warn"/>
    </logger>
    
    <logger name="org.springframework.core.io.support">
        <level value="warn"/>
    </logger>
    
    <logger name="org.springframework.web.method.support">
        <level value="warn"/>
    </logger>
    
    <logger name="org.springframework.context.support">
        <level value="warn"/>
    </logger>
    
    <logger name="org.springframework.context.annotation">
        <level value="warn"/>
    </logger>
    
    <logger name="org.springframework.jndi">
        <level value="warn"/>
    </logger>
       
    <logger name="org.apache">
        <level value="warn"/>
    </logger>

    <logger name="org.springframework.web.servlet.ModelAndView">
        <level value="debug"/>
    </logger>

    <logger name="java.sql.Connection">
        <level value="debug"/>
    </logger>
    
    <logger name="java.sql.PreparedStatement">
        <level value="debug"/>
    </logger>
 
    <logger name="java.sql.ResultSet">
        <level value="debug"/>
    </logger>

    <root>
        <level value="debug"/>
        <appender-ref ref="CONSOLE"/>
        <!-- <appender-ref ref="DAILYROLLING"/> -->
    </root>

</log4j:configuration>