<?xml version="1.0" encoding="UTF-8"?>
<!DOCTYPE mapper
    PUBLIC "-//mybatis.org//DTD Mapper 3.0//EN"
    "http://mybatis.org/dtd/mybatis-3-mapper.dtd">
<mapper namespace="Aprj30030Query">



    <sql id="WhereQuery" >
        <if test="@project.spring.app.a.lib.object.CommonMyBatis@isNotEmpty(srchCoId)">
            AND    APRJ20030.CO_ID                          = #{srchCoId}
        </if>
        <if test="@project.spring.app.a.lib.object.CommonMyBatis@isNotEmpty(srchOpId)">
            AND    APRJ20030.OP_ID                          = #{srchOpId}
        </if>
        <if test="@project.spring.app.a.lib.object.CommonMyBatis@isNotEmpty(srchOpSerNum)">
            AND    APRJ20030.OP_SER_NUM                     = #{srchOpSerNum}
        </if>
        <if test="@project.spring.app.a.lib.object.CommonMyBatis@isNotEmpty(srchOpSeqNum)">
            AND    APRJ20030.OP_SEQ_NUM                     = #{srchOpSeqNum}
        </if>
        <if test="@project.spring.app.a.lib.object.CommonMyBatis@isNotEmpty(srchOpNm)">
            AND    APRJ20030.OP_NM                          = #{srchOpNm}
        </if>
        <if test="@project.spring.app.a.lib.object.CommonMyBatis@isNotEmpty(srchOpCtt)">
            AND    APRJ20030.OP_CTT                         = #{srchOpCtt}
        </if>
        <if test="@project.spring.app.a.lib.object.CommonMyBatis@isNotEmpty(srchCyclId)">
            AND    APRJ20030.CYCL_ID                        = #{srchCyclId}
        </if>
        <if test="@project.spring.app.a.lib.object.CommonMyBatis@isNotEmpty(srchStmId)">
            AND    APRJ20030.STM_ID                         = #{srchStmId}
        </if>
        <if test="@project.spring.app.a.lib.object.CommonMyBatis@isNotEmpty(srchTranDt)">
            AND    APRJ20030.TRAN_DT                        = #{srchTranDt}
        </if>
        <if test="@project.spring.app.a.lib.object.CommonMyBatis@isNotEmpty(srchTranStCd)">
            AND    APRJ20030.TRAN_ST_CD                     = #{srchTranStCd}
        </if>
        <if test="@project.spring.app.a.lib.object.CommonMyBatis@isNotEmpty(srchPrjId)">
            AND    APRJ20030.PRJ_ID                         = #{srchPrjId}
        </if>
        <if test="@project.spring.app.a.lib.object.CommonMyBatis@isNotEmpty(srchCtrlNum)">
            AND    APRJ20030.CTRL_NUM                       = #{srchCtrlNum}
        </if>
        
        
        <if test="@project.spring.app.a.lib.object.CommonMyBatis@isNotEmpty(srchOpChrgId)">
            AND    APRJ20034.OP_CHRG_ID                     = #{srchOpChrgId}
        </if>
        <if test="@project.spring.app.a.lib.object.CommonMyBatis@isNotEmpty(srchOpChrgNm)">
            AND    APRJ10020.OP_CHRG_NM                  LIKE CONCAT('%', #{srchOpChrgNm}, '%')
        </if>
        <if test="@project.spring.app.a.lib.object.CommonMyBatis@isNotEmpty(srchUserId)">
            AND    APRJ20034.USER_ID                        = #{srchUserId}
        </if>
        <if test="@project.spring.app.a.lib.object.CommonMyBatis@isNotEmpty(srchUserNm)">
            AND    ZCOM99030.USER_NM                     LIKE CONCAT('%', #{srchUserNm}, '%')
        </if>
        
        
        <if test="@project.spring.app.a.lib.object.CommonMyBatis@isNotEmpty(srchResStCd)">
            AND    APRJ20034.RES_ST_CD                      = #{srchResStCd}
        </if>
        <if test="@project.spring.app.a.lib.object.CommonMyBatis@isNotEmpty(srchSignClCd)">
            AND    IFNULL(APRJ20034.SIGN_CL_CD, '0000')     = #{srchSignClCd}
        </if>
        
        
    </sql>


    <sql id="InlineViewQuery" >
        <![CDATA[
            SELECT
                     APRJ20030.CO_ID                         coId                              /* 업체 ID                        */
                   , ZCOM99031.CO_NM                         coNm                              /* 업체 명                        */
                   , APRJ20030.OP_ID                         opId                              /* 업무 ID                        */
                   , APRJ20030.OP_SER_NUM                    opSerNum                          /* 업무 일련번호                  */
                   , APRJ20030.OP_NM                         opNm                              /* 업무 명                        */
                   , APRJ20030.OP_CTT                        opCtt                             /* 업무 내용                      */
                   , APRJ20030.CYCL_ID                       cyclId                            /* 주기 ID                        */
                   , APRJ10040.CYCL_NM                       cyclNm                            /* 주기 명                        */
                   , APRJ20030.PRD_CNT                       prdCnt                            /* 기간 수                        */
                   , APRJ20030.CYCL_CL_CD                    cyclClCd                          /* 주기 구분 코드                 */
                   , (
                        SELECT ZCOM99011.CD_NM 
                        FROM   ZCOM99011 
                        WHERE  ZCOM99011.GRP_CD = 'APRJ000004'
                        AND    ZCOM99011.CD     = APRJ20030.CYCL_CL_CD
                     )                                       cyclClNm                          /* 주기 구분 명                   */
                   , APRJ20030.STD_DT                        stdDt                             /* 기준 일자                      */
                   , APRJ20030.STM_ID                        stmId                             /* 결제 ID                        */
                   , APRJ10030.STM_NM                        stmNm                             /* 결제 명                        */
                   , APRJ20030.EFF_STA_DT                    effStaDt                          /* 유효 시작 일자                 */
                   , APRJ20030.EFF_END_DT                    effEndDt                          /* 유효 종료 일자                 */
                   , APRJ20030.TRAN_DT                       tranDt                            /* 처리 일자                      */
                   , APRJ20030.TRAN_ST_CD                    tranStCd                          /* 처리 상태 코드                 */
                   , APRJ20030.AUTO_CL_CD                    autoClCd                          /* 자동 구분 코드                 */
                   , (
                        SELECT ZCOM99011.CD_NM 
                        FROM   ZCOM99011 
                        WHERE  ZCOM99011.GRP_CD = 'APRJ000013'
                        AND    ZCOM99011.CD     = APRJ20030.AUTO_CL_CD
                     )                                       autoClNm                          /* 자동 구분 명                   */
                   , APRJ20030.DEL_YN                        delYn                             /* 삭제 여부                      */

                   , APRJ20030.RGST_ID                       rgstId                            /* 등록 ID                        */
                   , RGST     .USER_NM                       rgstNm                            /* 등록 명                        */
                   , APRJ20030.RGST_IP                       rgstIp                            /* 등록 IP                        */
                   , APRJ20030.RGST_DTM                      rgstDtm                           /* 등록 일시                      */
                   , APRJ20030.UPDT_ID                       updtId                            /* 수정 ID                        */
                   , UPDT     .USER_NM                       updtNm                            /* 수정 명                        */
                   , APRJ20030.UPDT_IP                       updtIp                            /* 수정 IP                        */
                   , APRJ20030.UPDT_DTM                      updtDtm                           /* 수정 일시                      */

            FROM   APRJ20030

                   LEFT OUTER JOIN ZCOM99031
                   ON     ZCOM99031.CO_ID = APRJ20030.CO_ID

                   LEFT OUTER JOIN APRJ10040
                   ON     APRJ10040.CO_ID        = APRJ20030.CO_ID
                   AND    APRJ10040.CYCL_ID      = APRJ20030.CYCL_ID

                   LEFT OUTER JOIN APRJ10030
                   ON     APRJ10030.CO_ID        = APRJ20030.CO_ID
                   AND    APRJ10030.STM_ID       = APRJ20030.STM_ID

                   LEFT OUTER JOIN ZCOM99030 RGST
                   ON     RGST.USER_ID = APRJ20030.RGST_ID

                   LEFT OUTER JOIN ZCOM99030 UPDT
                   ON     UPDT.USER_ID = APRJ20030.UPDT_ID

            WHERE  1 = 1
        ]]>
    </sql>


    <!-- 프로젝트_업무리스트조회 -->
    <select id="selectAPRJ30030_00" parameterType="Aprj20030Model" resultType="Aprj20030Model" >
        <include refid="Zcom99000Query.PagingTop" />
        <include refid="InlineViewQuery" />
        <include refid="WhereQuery" />
        <![CDATA[
            ORDER BY 
                     APRJ20030.CO_ID
                   , APRJ20030.OP_ID
        ]]>
        <include refid="Zcom99000Query.PagingBottom" />
    </select>


    <!-- 프로젝트_업무리스트수조회 -->
    <select id="selectAPRJ30030_01" parameterType="Aprj20030Model" resultType="Aprj20030Model" >
        <![CDATA[
            SELECT
                     COUNT(*) totCnt
            FROM   (
        ]]>
        <include refid="InlineViewQuery"/>
        <include refid="WhereQuery" />
        <![CDATA[
                   ) TOT
        ]]>
    </select>


</mapper>