<?xml version="1.0" encoding="UTF-8"?>
<!DOCTYPE mapper
    PUBLIC "-//mybatis.org//DTD Mapper 3.0//EN"
    "http://mybatis.org/dtd/mybatis-3-mapper.dtd">
<mapper namespace="Aprj30010Query">



    <sql id="WhereQuery" >
        <if test="@project.spring.app.a.lib.object.CommonMyBatis@isNotEmpty(srchCoId)">
            AND    APRJ20010.CO_ID                          = #{srchCoId}
        </if>
        <if test="@project.spring.app.a.lib.object.CommonMyBatis@isNotEmpty(srchPrjId)">
            AND    APRJ20010.PRJ_ID                         = #{srchPrjId}
        </if>
        <if test="@project.spring.app.a.lib.object.CommonMyBatis@isNotEmpty(srchPrjNm)">
            AND    APRJ20010.PRJ_NM                         = #{srchPrjNm}
        </if>


        <if test="@project.spring.app.a.lib.object.CommonMyBatis@isNotEmpty(srchOpId)">
            AND    APRJ20030.OP_ID                          = #{srchOpId}
        </if>
        <if test="@project.spring.app.a.lib.object.CommonMyBatis@isNotEmpty(srchOpNm)">
            AND    APRJ20030.OP_NM                          = #{srchOpNm}
        </if>
        
        <if test="@project.spring.app.a.lib.object.CommonMyBatis@isNotEmpty(srchUserId)">
        	AND    APRJ20034.USER_ID                        = #{srchUserId}
   	    </if>
       	<if test="@project.spring.app.a.lib.object.CommonMyBatis@isNotEmpty(srchUserNm)">
        	AND    ZCOM99030.USER_NM                     LIKE CONCAT('%', #{srchUserNm}, '%')
       	</if>
       	<if test="@project.spring.app.a.lib.object.CommonMyBatis@isNotEmpty(srchUserAuthCd)">
        	AND    ZCOM99030.USER_AUTH_CD                   = #{srchUserAuthCd}
       	</if>
        
    </sql>


    <sql id="InlineViewQuery" >
        <![CDATA[
            SELECT
                     APRJ20010.CO_ID                         coId                              /* 업체 ID                        */
                   , ZCOM99031.CO_NM                         coNm                              /* 업체 명                        */
                   , APRJ20010.PRJ_ID                        prjId                             /* 프로젝트 ID                    */
                   , APRJ20010.PRJ_NM                        prjNm                             /* 프로젝트 명                    */
                   , APRJ20010.PRJ_CTT                       prjCtt                            /* 프로젝트 내용                  */

                   , COUNT(APRJ20034.USER_ID)                userCnt                           /* 사용자 수                      */
                   , COUNT(APRJ20030.OP_SER_NUM)             opCnt                             /* 업무 수                        */
                   , APRJ20030.OP_ID                         opId                              /* 업무 ID                        */
                   , APRJ20030.OP_NM                         opNm                              /* 업무 명                        */
                   , APRJ20030.OP_CTT                        opCtt                             /* 업무 내용                      */
                   , MAX(APRJ20030.OP_SER_NUM)               opSerNum                          /* 업무 일련번호                  */
                   
            FROM   APRJ20010

                   LEFT OUTER JOIN ZCOM99031
                   ON     ZCOM99031.CO_ID = APRJ20010.CO_ID
                   
                   LEFT OUTER JOIN APRJ20031
                   ON     APRJ20031.CO_ID  = APRJ20010.CO_ID
                   AND    APRJ20031.PRJ_ID = APRJ20010.PRJ_ID
                   
                   LEFT OUTER JOIN APRJ20030
                   ON     APRJ20030.CO_ID      = APRJ20031.CO_ID
                   AND    APRJ20030.OP_ID      = APRJ20031.OP_ID
                   AND    APRJ20030.OP_SER_NUM = APRJ20031.OP_SER_NUM
                   
                   LEFT OUTER JOIN APRJ20034
                   ON     APRJ20034.CO_ID      = APRJ20030.CO_ID
                   AND    APRJ20034.OP_ID      = APRJ20030.OP_ID
                   AND    APRJ20034.OP_SER_NUM = APRJ20030.OP_SER_NUM

                   LEFT OUTER JOIN ZCOM99030
                   ON     ZCOM99030.USER_ID    = APRJ20034.USER_ID
	        	       
            WHERE  1 = 1
        ]]>
    </sql>

    
    <!-- 프로젝트_업무리스트조회 -->
    <select id="selectAPRJ30010_00" parameterType="Aprj20030Model" resultType="Aprj20030Model" >
        <include refid="Zcom99000Query.PagingTop" />
        <include refid="InlineViewQuery" />
        <include refid="WhereQuery" />
        <![CDATA[
            GROUP BY 
                     APRJ20010.CO_ID
                   , APRJ20010.PRJ_ID
            ORDER BY 
                     APRJ20010.CO_ID
                   , APRJ20010.PRJ_ID
        ]]>
        <include refid="Zcom99000Query.PagingBottom" />
    </select>
    
    
    <!-- 프로젝트_업무리스트수조회 -->
    <select id="selectAPRJ30010_01" parameterType="Aprj20030Model" resultType="Aprj20030Model" >
        <![CDATA[
            SELECT
                     COUNT(*) totCnt
            FROM   (
        ]]>
        <include refid="InlineViewQuery"/>
        <include refid="WhereQuery" />
        <![CDATA[
            GROUP BY 
                     APRJ20010.CO_ID
                   , APRJ20010.PRJ_ID
                   ) TOT
        ]]>
    </select>


</mapper>