<?xml version="1.0" encoding="UTF-8"?>
<!DOCTYPE mapper
    PUBLIC "-//mybatis.org//DTD Mapper 3.0//EN"
    "http://mybatis.org/dtd/mybatis-3-mapper.dtd">
<mapper namespace="Aprj10030Query">



    <sql id="WhereQuery" >
        <if test="@project.spring.app.a.lib.object.CommonMyBatis@isNotEmpty(srchCoId)">
            AND    APRJ10030.CO_ID                          = #{srchCoId}
        </if>
        <if test="@project.spring.app.a.lib.object.CommonMyBatis@isNotEmpty(srchStmId)">
            AND    APRJ10030.STM_ID                      LIKE CONCAT('%', #{srchStmId}, '%')
        </if>
        <if test="@project.spring.app.a.lib.object.CommonMyBatis@isNotEmpty(srchStmNm)">
            AND    APRJ10030.STM_NM                      LIKE CONCAT('%', #{srchStmNm}, '%')
        </if>
        <if test="@project.spring.app.a.lib.object.CommonMyBatis@isNotEmpty(srchStmCtt)">
            AND    APRJ10030.STM_CTT                        = #{srchStmCtt}
        </if>
    </sql>


    <sql id="InlineViewQuery" >
        <![CDATA[
            SELECT
                     APRJ10030.CO_ID                         coId                              /* 업체 ID                        */
                   , ZCOM99031.CO_NM                         coNm                              /* 업체 명                        */
                   , APRJ10030.STM_ID                        stmId                             /* 결제 ID                        */
                   , APRJ10030.STM_NM                        stmNm                             /* 결제 명                        */
                   , APRJ10030.STM_CTT                       stmCtt                            /* 결제 내용                      */
                   , APRJ10030.DEL_YN                        delYn                             /* 삭제 여부                      */

                   , APRJ10030.RGST_ID                       rgstId                            /* 등록 ID                        */
                   , RGST     .USER_NM                       rgstNm                            /* 등록 명                        */
                   , APRJ10030.RGST_IP                       rgstIp                            /* 등록 IP                        */
                   , APRJ10030.RGST_DTM                      rgstDtm                           /* 등록 일시                      */
                   , APRJ10030.UPDT_ID                       updtId                            /* 수정 ID                        */
                   , UPDT     .USER_NM                       updtNm                            /* 수정 명                        */
                   , APRJ10030.UPDT_IP                       updtIp                            /* 수정 IP                        */
                   , APRJ10030.UPDT_DTM                      updtDtm                           /* 수정 일시                      */

            FROM   APRJ10030

                   LEFT OUTER JOIN ZCOM99031
                   ON     ZCOM99031.CO_ID = APRJ10030.CO_ID

                   LEFT OUTER JOIN ZCOM99030 RGST
                   ON     RGST.USER_ID = APRJ10030.RGST_ID

                   LEFT OUTER JOIN ZCOM99030 UPDT
                   ON     UPDT.USER_ID = APRJ10030.UPDT_ID

            WHERE  1 = 1
        ]]>
    </sql>


    <sql id="InlineViewQueryExcel" >
        <![CDATA[
            SELECT
                     APRJ10030.CO_ID                         coId                              /* 업체 ID                        */
                   , ZCOM99031.CO_NM                         coNm                              /* 업체 명                        */
                   , APRJ10030.STM_ID                        stmId                             /* 결제 ID                        */
                   , APRJ10030.STM_NM                        stmNm                             /* 결제 명                        */
                   , APRJ10030.STM_CTT                       stmCtt                            /* 결제 내용                      */
                   , APRJ10030.DEL_YN                        delYn                             /* 삭제 여부                      */

                   , APRJ10031.STM_SER_NUM                   stmSerNum                         /* 결제 일련번호                  */
                   , APRJ10031.STM_CL_CD                     stmClCd                           /* 결제 구분 코드                 */
                   , (
                        SELECT ZCOM99011.CD_NM 
                        FROM   ZCOM99011 
                        WHERE  ZCOM99011.GRP_CD = 'APRJ000003'
                        AND    ZCOM99011.CD     = APRJ10031.STM_CL_CD
                     )                                       stmClNm                           /* 결제 구분 명                   */
                   , APRJ10031.STM_OP_CHRG_ID                stmOpChrgId                       /* 결제 업무 담당 ID              */
                   , APRJ10020.OP_CHRG_NM                    stmOpChrgNm                       /* 결제 업무 담당 명              */
                   , APRJ10031.STM_AUTH_CD                   stmAuthCd                         /* 결제 권한 코드                 */
                   , (
                        SELECT ZCOM99011.CD_NM 
                        FROM   ZCOM99011 
                        WHERE  ZCOM99011.GRP_CD = 'APRJ000007'
                        AND    ZCOM99011.CD     = APRJ10031.STM_AUTH_CD
                     )                                       stmAuthNm                         /* 결제 권한 명                   */
                   
                   , APRJ10030.RGST_ID                       rgstId                            /* 등록 ID                        */
                   , RGST     .USER_NM                       rgstNm                            /* 등록 명                        */
                   , APRJ10030.RGST_IP                       rgstIp                            /* 등록 IP                        */
                   , APRJ10030.RGST_DTM                      rgstDtm                           /* 등록 일시                      */
                   , APRJ10030.UPDT_ID                       updtId                            /* 수정 ID                        */
                   , UPDT     .USER_NM                       updtNm                            /* 수정 명                        */
                   , APRJ10030.UPDT_IP                       updtIp                            /* 수정 IP                        */
                   , APRJ10030.UPDT_DTM                      updtDtm                           /* 수정 일시                      */

            FROM   APRJ10030

                   LEFT OUTER JOIN APRJ10031
                   ON     APRJ10031.CO_ID  = APRJ10030.CO_ID
                   AND    APRJ10031.STM_ID = APRJ10030.STM_ID

                   LEFT OUTER JOIN ZCOM99031
                   ON     ZCOM99031.CO_ID = APRJ10030.CO_ID

                   LEFT OUTER JOIN APRJ10020
                   ON     APRJ10020.CO_ID      = APRJ10031.CO_ID
                   AND    APRJ10020.OP_CHRG_ID = APRJ10031.STM_OP_CHRG_ID
                   
                   LEFT OUTER JOIN ZCOM99030 RGST
                   ON     RGST.USER_ID = APRJ10030.RGST_ID

                   LEFT OUTER JOIN ZCOM99030 UPDT
                   ON     UPDT.USER_ID = APRJ10030.UPDT_ID

            WHERE  1 = 1
        ]]>
    </sql>


    <!-- 설정_결제리스트조회 -->
    <select id="selectAPRJ10030_00" parameterType="Aprj10030Model" resultType="Aprj10030Model" >
        <include refid="Zcom99000Query.PagingTop" />
        <include refid="InlineViewQuery" />
        <include refid="WhereQuery" />
        <![CDATA[
            ORDER BY 
                     APRJ10030.CO_ID                         
                   , APRJ10030.STM_ID                        
        ]]>
        <include refid="Zcom99000Query.PagingBottom" />
    </select>


    <!-- 설정_결제리스트수조회 -->
    <select id="selectAPRJ10030_01" parameterType="Aprj10030Model" resultType="Aprj10030Model" >
        <![CDATA[
            SELECT
                     COUNT(*) totCnt
            FROM   (
        ]]>
        <include refid="InlineViewQuery"/>
        <include refid="WhereQuery" />
        <![CDATA[
                   ) TOT
        ]]>
    </select>


    <!-- 설정_결제조회 -->
    <select id="selectAPRJ10030_02" parameterType="Aprj10030Model" resultType="Aprj10030Model" >
        <include refid="InlineViewQuery" />
        <![CDATA[
            AND    APRJ10030.CO_ID                          = #{coId}                           /* 업체 ID                        */
            AND    APRJ10030.STM_ID                         = #{stmId}                          /* 결제 ID                        */
        ]]>
    </select>


    <!-- 설정_결제리스트조회 -->
    <select id="selectAPRJ10030_10" parameterType="Aprj10030Model" resultType="Aprj10030Model" >
        <include refid="InlineViewQueryExcel" />
        <include refid="WhereQuery" />
        <![CDATA[
            ORDER BY 
                     APRJ10030.CO_ID                         
                   , APRJ10030.STM_ID                        
        ]]>
    </select>


    <!-- 설정_결제등록 -->
    <insert id="insertAPRJ10030_00" parameterType="Aprj10030Model" >
        <![CDATA[
            INSERT INTO APRJ10030
            (
                     CO_ID                             /* 업체 ID                        */
                   , STM_ID                            /* 결제 ID                        */
                   , STM_NM                            /* 결제 명                        */
                   , STM_CTT                           /* 결제 내용                      */
                   , DEL_YN                            /* 삭제 여부                      */
                   , RGST_ID                           /* 등록 ID                        */
                   , RGST_IP                           /* 등록 IP                        */
                   , RGST_DTM                          /* 등록 일시                      */
                   , UPDT_ID                           /* 수정 ID                        */
                   , UPDT_IP                           /* 수정 IP                        */
                   , UPDT_DTM                          /* 수정 일시                      */
            ) VALUES (
                     #{coId}                           /* 업체 ID                        */
                   , #{stmId}                          /* 결제 ID                        */
                   , #{stmNm}                          /* 결제 명                        */
                   , #{stmCtt}                         /* 결제 내용                      */
                   , #{delYn}                          /* 삭제 여부                      */
                   , #{rgstId}                         /* 등록 ID                        */
                   , #{rgstIp}                         /* 등록 IP                        */
                   , #{rgstDtm}                        /* 등록 일시                      */
                   , #{updtId}                         /* 수정 ID                        */
                   , #{updtIp}                         /* 수정 IP                        */
                   , #{updtDtm}                        /* 수정 일시                      */
            )
        ]]>
    </insert>


    <!-- 설정_결제등록 -->
    <insert id="insertAPRJ10030_10" parameterType="AprjModel" >
        <![CDATA[
            INSERT INTO APRJ10030
            (
                     CO_ID                             /* 업체 ID                        */
                   , STM_ID                            /* 결제 ID                        */
                   , STM_NM                            /* 결제 명                        */
                   , STM_CTT                           /* 결제 내용                      */
                   , DEL_YN                            /* 삭제 여부                      */
                   , RGST_ID                           /* 등록 ID                        */
                   , RGST_IP                           /* 등록 IP                        */
                   , RGST_DTM                          /* 등록 일시                      */
                   , UPDT_ID                           /* 수정 ID                        */
                   , UPDT_IP                           /* 수정 IP                        */
                   , UPDT_DTM                          /* 수정 일시                      */
            ) 
            SELECT
                     #{coId}                           /* 업체 ID                        */
                   , STM_ID                            /* 결제 ID                        */
                   , STM_NM                            /* 결제 명                        */
                   , STM_CTT                           /* 결제 내용                      */
                   , DEL_YN                            /* 삭제 여부                      */

                   , #{rgstId}                         /* 등록 ID                        */
                   , #{rgstIp}                         /* 등록 IP                        */
                   , #{rgstDtm}                        /* 등록 일시                      */
                   , #{updtId}                         /* 수정 ID                        */
                   , #{updtIp}                         /* 수정 IP                        */
                   , #{updtDtm}                        /* 수정 일시                      */
            FROM   APRJ10030
            WHERE  1 = 1
            AND    CO_ID = '0000000000'
        ]]>
    </insert>


    <!-- 설정_결제수정 -->
    <update id="updateAPRJ10030_00" parameterType="Aprj10030Model" >
        <![CDATA[
            UPDATE APRJ10030 SET
                     STM_NM                         = #{stmNm}                          /* 결제 명                        */
                   , STM_CTT                        = #{stmCtt}                         /* 결제 내용                      */
                   , DEL_YN                         = #{delYn}                          /* 삭제 여부                      */
                   , UPDT_ID                        = #{updtId}                         /* 수정 ID                        */
                   , UPDT_IP                        = #{updtIp}                         /* 수정 IP                        */
                   , UPDT_DTM                       = #{updtDtm}                        /* 수정 일시                      */
            WHERE  1 = 1
            AND    CO_ID                          = #{coId}                           /* 업체 ID                        */
            AND    STM_ID                         = #{stmId}                          /* 결제 ID                        */
        ]]>
    </update>


    <!-- 설정_결제삭제 -->
    <delete id="deleteAPRJ10030_00" parameterType="Aprj10030Model" >
        <![CDATA[
            DELETE FROM APRJ10030
            WHERE  1 = 1
            AND    CO_ID                          = #{coId}                           /* 업체 ID                        */
            AND    STM_ID                         = #{stmId}                          /* 결제 ID                        */
        ]]>
    </delete>


    <!-- 설정_결제삭제 -->
    <delete id="deleteAPRJ10030_01" parameterType="Aprj10030Model" >
        <![CDATA[
            TRUNCATE TABLE APRJ10030
        ]]>
    </delete>


    <!-- 설정_결제삭제 -->
    <delete id="deleteAPRJ10030_10" parameterType="AprjModel" >
        <![CDATA[
            DELETE FROM APRJ10030
            WHERE  1 = 1
            AND    CO_ID                          = #{coId}                           /* 업체 ID                        */
        ]]>
    </delete>


</mapper>