<?xml version="1.0" encoding="UTF-8"?>
<!DOCTYPE mapper
    PUBLIC "-//mybatis.org//DTD Mapper 3.0//EN"
    "http://mybatis.org/dtd/mybatis-3-mapper.dtd">
<mapper namespace="Aprj10020Query">



    <sql id="WhereQuery" >
        <if test="@project.spring.app.a.lib.object.CommonMyBatis@isNotEmpty(srchCoId)">
            AND    APRJ10020.CO_ID                          = #{srchCoId}
        </if>
        <if test="@project.spring.app.a.lib.object.CommonMyBatis@isNotEmpty(srchOpChrgId)">
            AND    APRJ10020.OP_CHRG_ID                  LIKE CONCAT('%', #{srchOpChrgId}, '%')
        </if>
        <if test="@project.spring.app.a.lib.object.CommonMyBatis@isNotEmpty(srchOpChrgNm)">
            AND    APRJ10020.OP_CHRG_NM                  LIKE CONCAT('%', #{srchOpChrgNm}, '%')
        </if>
        <if test="@project.spring.app.a.lib.object.CommonMyBatis@isNotEmpty(srchOpChrgCtt)">
            AND    APRJ10020.OP_CHRG_CTT                    = #{srchOpChrgCtt}
        </if>
    </sql>


    <sql id="InlineViewQuery" >
        <![CDATA[
            SELECT
                     APRJ10020.CO_ID                         coId                              /* 업체 ID                        */
                   , ZCOM99031.CO_NM                         coNm                              /* 업체 명                        */
                   , APRJ10020.OP_CHRG_ID                    opChrgId                          /* 업무 담당 ID                   */
                   , APRJ10020.OP_CHRG_NM                    opChrgNm                          /* 업무 담당 명                   */
                   , APRJ10020.OP_CHRG_CTT                   opChrgCtt                         /* 업무 담당 내용                 */
                   , APRJ10020.DEL_YN                        delYn                             /* 삭제 여부                      */

                   , APRJ10020.RGST_ID                       rgstId                            /* 등록 ID                        */
                   , RGST     .USER_NM                       rgstNm                            /* 등록 명                        */
                   , APRJ10020.RGST_IP                       rgstIp                            /* 등록 IP                        */
                   , APRJ10020.RGST_DTM                      rgstDtm                           /* 등록 일시                      */
                   , APRJ10020.UPDT_ID                       updtId                            /* 수정 ID                        */
                   , UPDT     .USER_NM                       updtNm                            /* 수정 명                        */
                   , APRJ10020.UPDT_IP                       updtIp                            /* 수정 IP                        */
                   , APRJ10020.UPDT_DTM                      updtDtm                           /* 수정 일시                      */

            FROM   APRJ10020

                   LEFT OUTER JOIN ZCOM99031
                   ON     ZCOM99031.CO_ID = APRJ10020.CO_ID

                   LEFT OUTER JOIN ZCOM99030 RGST
                   ON     RGST.USER_ID = APRJ10020.RGST_ID

                   LEFT OUTER JOIN ZCOM99030 UPDT
                   ON     UPDT.USER_ID = APRJ10020.UPDT_ID

            WHERE  1 = 1
        ]]>
    </sql>


    <sql id="InlineViewQueryExcel" >
        <![CDATA[
            SELECT
                     APRJ10020.CO_ID                         coId                              /* 업체 ID                        */
                   , ZCOM99031.CO_NM                         coNm                              /* 업체 명                        */
                   , APRJ10020.OP_CHRG_ID                    opChrgId                          /* 업무 담당 ID                   */
                   , APRJ10020.OP_CHRG_NM                    opChrgNm                          /* 업무 담당 명                   */
                   , APRJ10020.OP_CHRG_CTT                   opChrgCtt                         /* 업무 담당 내용                 */
                   , APRJ10020.DEL_YN                        delYn                             /* 삭제 여부                      */

                   , APRJ10022.AST_CL_ID                     astClId                           /* 자산 구분 ID                   */
                   , APRJ10010.AST_CL_NM                     astClNm                           /* 자산 구분 명                   */
                   
                   , APRJ10020.RGST_ID                       rgstId                            /* 등록 ID                        */
                   , RGST     .USER_NM                       rgstNm                            /* 등록 명                        */
                   , APRJ10020.RGST_IP                       rgstIp                            /* 등록 IP                        */
                   , APRJ10020.RGST_DTM                      rgstDtm                           /* 등록 일시                      */
                   , APRJ10020.UPDT_ID                       updtId                            /* 수정 ID                        */
                   , UPDT     .USER_NM                       updtNm                            /* 수정 명                        */
                   , APRJ10020.UPDT_IP                       updtIp                            /* 수정 IP                        */
                   , APRJ10020.UPDT_DTM                      updtDtm                           /* 수정 일시                      */

            FROM   APRJ10020

                   LEFT OUTER JOIN APRJ10022
                   ON     APRJ10022.CO_ID      = APRJ10020.CO_ID
                   AND    APRJ10022.OP_CHRG_ID = APRJ10020.OP_CHRG_ID

                   LEFT OUTER JOIN APRJ10010
                   ON     APRJ10010.CO_ID     = APRJ10022.CO_ID
                   AND    APRJ10010.AST_CL_ID = APRJ10022.AST_CL_ID

                   LEFT OUTER JOIN ZCOM99031
                   ON     ZCOM99031.CO_ID = APRJ10020.CO_ID

                   LEFT OUTER JOIN ZCOM99030 RGST
                   ON     RGST.USER_ID = APRJ10020.RGST_ID

                   LEFT OUTER JOIN ZCOM99030 UPDT
                   ON     UPDT.USER_ID = APRJ10020.UPDT_ID

            WHERE  1 = 1
        ]]>
    </sql>


    <!-- 설정_업무담당리스트조회 -->
    <select id="selectAPRJ10020_00" parameterType="Aprj10020Model" resultType="Aprj10020Model" >
        <include refid="Zcom99000Query.PagingTop" />
        <include refid="InlineViewQuery" />
        <include refid="WhereQuery" />
        <![CDATA[
            ORDER BY 
                     APRJ10020.CO_ID                         
                   , APRJ10020.OP_CHRG_ID                         
        ]]>
        <include refid="Zcom99000Query.PagingBottom" />
    </select>


    <!-- 설정_업무담당리스트수조회 -->
    <select id="selectAPRJ10020_01" parameterType="Aprj10020Model" resultType="Aprj10020Model" >
        <![CDATA[
            SELECT
                     COUNT(*) totCnt
            FROM   (
        ]]>
        <include refid="InlineViewQuery"/>
        <include refid="WhereQuery" />
        <![CDATA[
                   ) TOT
        ]]>
    </select>


    <!-- 설정_업무담당조회 -->
    <select id="selectAPRJ10020_02" parameterType="Aprj10020Model" resultType="Aprj10020Model" >
        <include refid="InlineViewQuery" />
        <![CDATA[
            AND    APRJ10020.CO_ID                          = #{coId}                           /* 업체 ID                        */
            AND    APRJ10020.OP_CHRG_ID                     = #{opChrgId}                       /* 업무 담당 ID                   */
        ]]>
    </select>


    <!-- 설정_업무담당리스트조회 -->
    <select id="selectAPRJ10020_10" parameterType="Aprj10020Model" resultType="java.util.Map" >
        <include refid="InlineViewQueryExcel" />
        <include refid="WhereQuery" />
        <![CDATA[
            ORDER BY 
                     APRJ10020.CO_ID                         
                   , APRJ10020.OP_CHRG_ID                         
        ]]>
    </select>


    <!-- 설정_업무담당등록 -->
    <insert id="insertAPRJ10020_00" parameterType="Aprj10020Model" >
        <![CDATA[
            INSERT INTO APRJ10020
            (
                     CO_ID                             /* 업체 ID                        */
                   , OP_CHRG_ID                        /* 업무 담당 ID                   */
                   , OP_CHRG_NM                        /* 업무 담당 명                   */
                   , OP_CHRG_CTT                       /* 업무 담당 내용                 */
                   , DEL_YN                            /* 삭제 여부                      */
                   , RGST_ID                           /* 등록 ID                        */
                   , RGST_IP                           /* 등록 IP                        */
                   , RGST_DTM                          /* 등록 일시                      */
                   , UPDT_ID                           /* 수정 ID                        */
                   , UPDT_IP                           /* 수정 IP                        */
                   , UPDT_DTM                          /* 수정 일시                      */
            ) VALUES (
                     #{coId}                           /* 업체 ID                        */
                   , #{opChrgId}                       /* 업무 담당 ID                   */
                   , #{opChrgNm}                       /* 업무 담당 명                   */
                   , #{opChrgCtt}                      /* 업무 담당 내용                 */
                   , #{delYn}                          /* 삭제 여부                      */
                   , #{rgstId}                         /* 등록 ID                        */
                   , #{rgstIp}                         /* 등록 IP                        */
                   , #{rgstDtm}                        /* 등록 일시                      */
                   , #{updtId}                         /* 수정 ID                        */
                   , #{updtIp}                         /* 수정 IP                        */
                   , #{updtDtm}                        /* 수정 일시                      */
            )
        ]]>
    </insert>


    <!-- 설정_업무담당등록 -->
    <insert id="insertAPRJ10020_10" parameterType="AprjModel" >
        <![CDATA[
            INSERT INTO APRJ10020
            (
                     CO_ID                             /* 업체 ID                        */
                   , OP_CHRG_ID                        /* 업무 담당 ID                   */
                   , OP_CHRG_NM                        /* 업무 담당 명                   */
                   , OP_CHRG_CTT                       /* 업무 담당 내용                 */
                   , DEL_YN                            /* 삭제 여부                      */
                   , RGST_ID                           /* 등록 ID                        */
                   , RGST_IP                           /* 등록 IP                        */
                   , RGST_DTM                          /* 등록 일시                      */
                   , UPDT_ID                           /* 수정 ID                        */
                   , UPDT_IP                           /* 수정 IP                        */
                   , UPDT_DTM                          /* 수정 일시                      */
            )
            SELECT
                     #{coId}                           /* 업체 ID                        */
                   , OP_CHRG_ID                        /* 업무 담당 ID                   */
                   , OP_CHRG_NM                        /* 업무 담당 명                   */
                   , OP_CHRG_CTT                       /* 업무 담당 내용                 */
                   , DEL_YN                            /* 삭제 여부                      */

                   , #{rgstId}                         /* 등록 ID                        */
                   , #{rgstIp}                         /* 등록 IP                        */
                   , #{rgstDtm}                        /* 등록 일시                      */
                   , #{updtId}                         /* 수정 ID                        */
                   , #{updtIp}                         /* 수정 IP                        */
                   , #{updtDtm}                        /* 수정 일시                      */
            FROM   APRJ10020
            WHERE  1 = 1
            AND    CO_ID = '0000000000'
        ]]>
    </insert>


    <!-- 설정_업무담당수정 -->
    <update id="updateAPRJ10020_00" parameterType="Aprj10020Model" >
        <![CDATA[
            UPDATE APRJ10020 SET
                     OP_CHRG_NM                     = #{opChrgNm}                       /* 업무 담당 명                   */
                   , OP_CHRG_CTT                    = #{opChrgCtt}                      /* 업무 담당 내용                 */
                   , DEL_YN                         = #{delYn}                          /* 삭제 여부                      */
                   , UPDT_ID                        = #{updtId}                         /* 수정 ID                        */
                   , UPDT_IP                        = #{updtIp}                         /* 수정 IP                        */
                   , UPDT_DTM                       = #{updtDtm}                        /* 수정 일시                      */
            WHERE  1 = 1
            AND    CO_ID                          = #{coId}                           /* 업체 ID                        */
            AND    OP_CHRG_ID                     = #{opChrgId}                       /* 업무 담당 ID                   */
        ]]>
    </update>


    <!-- 설정_업무담당삭제 -->
    <delete id="deleteAPRJ10020_00" parameterType="Aprj10020Model" >
        <![CDATA[
            DELETE FROM APRJ10020
            WHERE  1 = 1
            AND    CO_ID                          = #{coId}                           /* 업체 ID                        */
            AND    OP_CHRG_ID                     = #{opChrgId}                       /* 업무 담당 ID                   */
        ]]>
    </delete>


    <!-- 설정_업무담당삭제 -->
    <delete id="deleteAPRJ10020_01" parameterType="Aprj10020Model" >
        <![CDATA[
            TRUNCATE TABLE APRJ10020
        ]]>
    </delete>


    <!-- 설정_업무담당삭제 -->
    <delete id="deleteAPRJ10020_10" parameterType="AprjModel" >
        <![CDATA[
            DELETE FROM APRJ10020
            WHERE  1 = 1
            AND    CO_ID                          = #{coId}                           /* 업체 ID                        */
        ]]>
    </delete>


</mapper>