<?xml version="1.0" encoding="UTF-8"?>
<!DOCTYPE mapper
    PUBLIC "-//mybatis.org//DTD Mapper 3.0//EN"
    "http://mybatis.org/dtd/mybatis-3-mapper.dtd">
<mapper namespace="Aprj10021Query">



    <sql id="WhereQuery" >
        <if test="@project.spring.app.a.lib.object.CommonMyBatis@isNotEmpty(srchCoId)">
            AND    APRJ10021.CO_ID                          = #{srchCoId}
        </if>
        <if test="@project.spring.app.a.lib.object.CommonMyBatis@isNotEmpty(srchOpChrgId)">
            AND    APRJ10021.OP_CHRG_ID                  LIKE CONCAT('%', #{srchOpChrgId}, '%')
        </if>
        <if test="@project.spring.app.a.lib.object.CommonMyBatis@isNotEmpty(srchOpChrgNm)">
            AND    APRJ10020.OP_CHRG_NM                  LIKE CONCAT('%', #{srchOpChrgNm}, '%')
        </if>
        <if test="@project.spring.app.a.lib.object.CommonMyBatis@isNotEmpty(srchUserId)">
            AND    APRJ10021.USER_ID                     LIKE CONCAT('%', #{srchUserId}, '%')
        </if>
        <if test="@project.spring.app.a.lib.object.CommonMyBatis@isNotEmpty(srchUserNm)">
            AND    ZCOM99030.USER_NM                     LIKE CONCAT('%', #{srchUserNm}, '%')
        </if>
    </sql>


    <sql id="InlineViewQuery" >
        <![CDATA[
            SELECT
                     APRJ10021.CO_ID                         coId                              /* 업체 ID                        */
                   , APRJ10021.OP_CHRG_ID                    opChrgId                          /* 업무 담당 ID                   */
                   , APRJ10020.OP_CHRG_NM                    opChrgNm                          /* 업무 담당 명                   */
                   , APRJ10021.USER_ID                       userId                            /* 사용자 ID                      */
                   , ZCOM99030.USER_NM                       userNm                            /* 사용자 명                      */
                   , APRJ10021.DEL_YN                        delYn                             /* 삭제 여부                      */

                   , APRJ10021.RGST_ID                       rgstId                            /* 등록 ID                        */
                   , RGST     .USER_NM                       rgstNm                            /* 등록 명                        */
                   , APRJ10021.RGST_IP                       rgstIp                            /* 등록 IP                        */
                   , APRJ10021.RGST_DTM                      rgstDtm                           /* 등록 일시                      */
                   , APRJ10021.UPDT_ID                       updtId                            /* 수정 ID                        */
                   , UPDT     .USER_NM                       updtNm                            /* 수정 명                        */
                   , APRJ10021.UPDT_IP                       updtIp                            /* 수정 IP                        */
                   , APRJ10021.UPDT_DTM                      updtDtm                           /* 수정 일시                      */

            FROM   APRJ10021

                   LEFT OUTER JOIN APRJ10020
                   ON     APRJ10020.CO_ID      = APRJ10021.CO_ID
                   AND    APRJ10020.OP_CHRG_ID = APRJ10021.OP_CHRG_ID

                   LEFT OUTER JOIN ZCOM99030
                   ON     ZCOM99030.USER_ID = APRJ10021.USER_ID

                   LEFT OUTER JOIN ZCOM99030 RGST
                   ON     RGST.USER_ID = APRJ10021.RGST_ID

                   LEFT OUTER JOIN ZCOM99030 UPDT
                   ON     UPDT.USER_ID = APRJ10021.UPDT_ID

            WHERE  1 = 1
        ]]>
    </sql>


    <sql id="InlineViewQueryStm" >
        <![CDATA[
            SELECT
                     APRJ10011.CO_ID                         coId                              /* 업체 ID                        */
                   , APRJ10011.AST_CL_ID                     astClId                           /* 자산 구분 ID                   */
                   , APRJ10010.AST_CL_ID                     astClNm                           /* 자산 구분 명                   */
                   , APRJ10011.AST_ID                        astId                             /* 자산 ID                        */
                   , APRJ10012.AST_NM                        astNm                             /* 자산 명                        */
                   , APRJ10021.OP_CHRG_ID                    opChrgId                          /* 업무 담당 ID                   */
                   , APRJ10020.OP_CHRG_NM                    opChrgNm                          /* 업무 담당 명                   */
                   , APRJ10021.USER_ID                       userId                            /* 사용자 ID                      */
                   , ZCOM99030.USER_NM                       userNm                            /* 사용자 명                      */

            FROM   APRJ10011

                   LEFT OUTER JOIN APRJ10022
                   ON     APRJ10022.CO_ID      = APRJ10011.CO_ID
                   AND    APRJ10022.AST_CL_ID = APRJ10011.AST_CL_ID

                   LEFT OUTER JOIN APRJ10021
                   ON     APRJ10021.CO_ID      = APRJ10022.CO_ID
                   AND    APRJ10021.OP_CHRG_ID = APRJ10022.OP_CHRG_ID

                   LEFT OUTER JOIN APRJ10010
                   ON     APRJ10010.CO_ID      = APRJ10011.CO_ID
                   AND    APRJ10010.AST_CL_ID  = APRJ10011.AST_CL_ID

                   LEFT OUTER JOIN APRJ10012
                   ON     APRJ10012.CO_ID      = APRJ10011.CO_ID
                   AND    APRJ10012.AST_ID  = APRJ10011.AST_ID

                   LEFT OUTER JOIN APRJ10020
                   ON     APRJ10020.CO_ID      = APRJ10021.CO_ID
                   AND    APRJ10020.OP_CHRG_ID  = APRJ10021.OP_CHRG_ID

                   LEFT OUTER JOIN ZCOM99030
                   ON     ZCOM99030.USER_ID    = APRJ10021.USER_ID

            WHERE  1 = 1
        ]]>
    </sql>


    <!-- 설정_업무담당자리스트조회 -->
    <select id="selectAPRJ10021_00" parameterType="Aprj10020Model" resultType="Aprj10020Model" >
        <include refid="Zcom99000Query.PagingTop" />
        <include refid="InlineViewQuery" />
        <include refid="WhereQuery" />
        <![CDATA[
            AND    APRJ10021.CO_ID                          = #{coId}                           /* 업체 ID                        */
            AND    APRJ10021.OP_CHRG_ID                     = #{opChrgId}                       /* 업무 담당 ID                   */
            ORDER BY 
                     APRJ10021.CO_ID                         
                   , APRJ10021.OP_CHRG_ID                    
                   , APRJ10021.USER_ID                       
        ]]>
        <include refid="Zcom99000Query.PagingBottom" />
    </select>

    <!-- 설정_업무담당자리스트수조회 -->
    <select id="selectAPRJ10021_01" parameterType="Aprj10020Model" resultType="Aprj10020Model" >
        <![CDATA[
            SELECT
                     COUNT(*) totCnt
            FROM   (
        ]]>
        <include refid="InlineViewQuery"/>
        <include refid="WhereQuery" />
        <![CDATA[
            AND    APRJ10021.CO_ID                          = #{coId}                           /* 업체 ID                        */
            AND    APRJ10021.OP_CHRG_ID                     = #{opChrgId}                       /* 업무 담당 ID                   */
                   ) TOT
        ]]>
    </select>


    <!-- 설정_업무담당자조회 -->
    <select id="selectAPRJ10021_02" parameterType="Aprj10020Model" resultType="Aprj10020Model" >
        <include refid="InlineViewQuery" />
        <![CDATA[
            AND    APRJ10021.CO_ID                          = #{coId}                           /* 업체 ID                        */
            AND    APRJ10021.OP_CHRG_ID                     = #{opChrgId}                       /* 업무 담당 ID                   */
            AND    APRJ10021.USER_ID                        = #{userId}                         /* 사용자 ID                      */
        ]]>
    </select>


    <!-- 설정_업무담당자리스트조회 -->
    <select id="selectAPRJ10021_03" parameterType="Aprj10020Model" resultType="Aprj10020Model" >
        <include refid="Zcom99000Query.PagingTop" />
        <include refid="InlineViewQuery" />
        <include refid="WhereQuery" />
        <![CDATA[
            AND    ZCOM99030.USER_ID IS NOT NULL
            ORDER BY 
                     APRJ10021.CO_ID                         
                   , APRJ10021.OP_CHRG_ID                    
                   , APRJ10021.USER_ID                       
        ]]>
        <include refid="Zcom99000Query.PagingBottom" />
    </select>


    <!-- 설정_업무담당자리스트수조회 -->
    <select id="selectAPRJ10021_04" parameterType="Aprj10020Model" resultType="Aprj10020Model" >
        <![CDATA[
            SELECT
                     COUNT(*) totCnt
            FROM   (
        ]]>
        <include refid="InlineViewQuery"/>
        <include refid="WhereQuery" />
        <![CDATA[
            AND    ZCOM99030.USER_ID IS NOT NULL
                   ) TOT
        ]]>
    </select>


    <!-- 설정_업무담당자리스트조회 -->
    <select id="selectAPRJ10021_05" parameterType="Aprj10020Model" resultType="Aprj10020Model" >
        <include refid="InlineViewQueryStm" />
        <include refid="WhereQuery" />
        <![CDATA[
            AND    APRJ10011.CO_ID                          = #{coId}                           /* 업체 ID                        */
            AND    APRJ10011.AST_CL_ID                      = #{astClId}                        /* 자산 구분 ID                   */
            AND    APRJ10011.AST_ID                         = #{astId}                          /* 자산 ID                        */
            AND    ZCOM99030.USER_ID IS NOT NULL
            ORDER BY 
                     APRJ10021.CO_ID                         
                   , APRJ10021.OP_CHRG_ID                    
                   , APRJ10021.USER_ID                       
        ]]>
    </select>


    <!-- 설정_업무담당자등록 -->
    <insert id="insertAPRJ10021_00" parameterType="Aprj10020Model" >
        <![CDATA[
            INSERT INTO APRJ10021
            (
                     CO_ID                             /* 업체 ID                        */
                   , OP_CHRG_ID                        /* 업무 담당 ID                   */
                   , USER_ID                           /* 사용자 ID                      */
                   , DEL_YN                            /* 삭제 여부                      */
                   , RGST_ID                           /* 등록 ID                        */
                   , RGST_IP                           /* 등록 IP                        */
                   , RGST_DTM                          /* 등록 일시                      */
                   , UPDT_ID                           /* 수정 ID                        */
                   , UPDT_IP                           /* 수정 IP                        */
                   , UPDT_DTM                          /* 수정 일시                      */
            ) VALUES (
                     #{coId}                           /* 업체 ID                        */
                   , #{opChrgId}                       /* 업무 담당 ID                   */
                   , #{userId}                         /* 사용자 ID                      */
                   , #{delYn}                          /* 삭제 여부                      */
                   , #{rgstId}                         /* 등록 ID                        */
                   , #{rgstIp}                         /* 등록 IP                        */
                   , #{rgstDtm}                        /* 등록 일시                      */
                   , #{updtId}                         /* 수정 ID                        */
                   , #{updtIp}                         /* 수정 IP                        */
                   , #{updtDtm}                        /* 수정 일시                      */
            )
        ]]>
    </insert>


    <!-- 설정_업무담당자수정 -->
    <update id="updateAPRJ10021_00" parameterType="Aprj10020Model" >
        <![CDATA[
            UPDATE APRJ10021 SET
                     DEL_YN                         = #{delYn}                          /* 삭제 여부                      */
                   , UPDT_ID                        = #{updtId}                         /* 수정 ID                        */
                   , UPDT_IP                        = #{updtIp}                         /* 수정 IP                        */
                   , UPDT_DTM                       = #{updtDtm}                        /* 수정 일시                      */
            WHERE  1 = 1
            AND    CO_ID                          = #{coId}                           /* 업체 ID                        */
            AND    OP_CHRG_ID                     = #{opChrgId}                       /* 업무 담당 ID                   */
            AND    USER_ID                        = #{userId}                         /* 사용자 ID                      */
        ]]>
    </update>


    <!-- 설정_업무담당자삭제 -->
    <delete id="deleteAPRJ10021_00" parameterType="Aprj10020Model" >
        <![CDATA[
            DELETE FROM APRJ10021
            WHERE  1 = 1
            AND    CO_ID                          = #{coId}                           /* 업체 ID                        */
            AND    OP_CHRG_ID                     = #{opChrgId}                       /* 업무 담당 ID                   */
            AND    USER_ID                        = IFNULL(#{userId}, USER_ID)        /* 사용자 ID                      */
        ]]>
    </delete>


    <!-- 설정_업무담당자삭제 -->
    <delete id="deleteAPRJ10021_01" parameterType="Aprj10020Model" >
        <![CDATA[
            TRUNCATE TABLE APRJ10021
        ]]>
    </delete>


    <!-- 설정_업무담당자삭제 -->
    <delete id="deleteAPRJ10021_10" parameterType="AprjModel" >
        <![CDATA[
            DELETE FROM APRJ10021
            WHERE  1 = 1
            AND    CO_ID                          = #{coId}                           /* 업체 ID                        */
        ]]>
    </delete>


</mapper>