<?xml version="1.0" encoding="UTF-8"?>
<!DOCTYPE mapper
    PUBLIC "-//mybatis.org//DTD Mapper 3.0//EN"
    "http://mybatis.org/dtd/mybatis-3-mapper.dtd">
<mapper namespace="Aprj10050Query">



    <sql id="WhereQuery" >
        <if test="@project.spring.app.a.lib.object.CommonMyBatis@isNotEmpty(srchCoId)">
            AND    APRJ10050.CO_ID                          = #{srchCoId}
        </if>
        <if test="@project.spring.app.a.lib.object.CommonMyBatis@isNotEmpty(srchFormId)">
            AND    APRJ10050.FORM_ID                        = #{srchFormId}
        </if>
        <if test="@project.spring.app.a.lib.object.CommonMyBatis@isNotEmpty(srchFormNm)">
            AND    APRJ10050.FORM_NM                        = #{srchFormNm}
        </if>
        <if test="@project.spring.app.a.lib.object.CommonMyBatis@isNotEmpty(srchFormVer)">
            AND    APRJ10050.FORM_VER                       = #{srchFormVer}
        </if>
        <if test="@project.spring.app.a.lib.object.CommonMyBatis@isNotEmpty(srchFormCtt)">
            AND    APRJ10050.FORM_CTT                       = #{srchFormCtt}
        </if>
    </sql>


    <sql id="InlineViewQuery" >
        <![CDATA[
            SELECT
                     APRJ10050.CO_ID                         coId                              /* 업체 ID                        */
                   , ZCOM99031.CO_NM                         coNm                              /* 업체 명                        */
                   , APRJ10050.FORM_ID                       formId                            /* 양식 ID                        */
                   , APRJ10050.FORM_NM                       formNm                            /* 양식 명                        */
                   , APRJ10050.FORM_VER                      formVer                           /* 양식 버전                      */
                   , APRJ10050.FORM_CTT                      formCtt                           /* 양식 내용                      */
                   , APRJ10050.DEL_YN                        delYn                             /* 삭제 여부                      */

                   , APRJ10050.RGST_ID                       rgstId                            /* 등록 ID                        */
                   , RGST     .USER_NM                       rgstNm                            /* 등록 명                        */
                   , APRJ10050.RGST_IP                       rgstIp                            /* 등록 IP                        */
                   , APRJ10050.RGST_DTM                      rgstDtm                           /* 등록 일시                      */
                   , APRJ10050.UPDT_ID                       updtId                            /* 수정 ID                        */
                   , UPDT     .USER_NM                       updtNm                            /* 수정 명                        */
                   , APRJ10050.UPDT_IP                       updtIp                            /* 수정 IP                        */
                   , APRJ10050.UPDT_DTM                      updtDtm                           /* 수정 일시                      */

            FROM   APRJ10050

                   LEFT OUTER JOIN ZCOM99031
                   ON     ZCOM99031.CO_ID = APRJ10050.CO_ID

                   LEFT OUTER JOIN ZCOM99030 RGST
                   ON     RGST.USER_ID = APRJ10050.RGST_ID

                   LEFT OUTER JOIN ZCOM99030 UPDT
                   ON     UPDT.USER_ID = APRJ10050.UPDT_ID

            WHERE  1 = 1
        ]]>
    </sql>


    <!-- 설정_양식리스트조회 -->
    <select id="selectAPRJ10050_00" parameterType="Aprj10050Model" resultType="Aprj10050Model" >
        <include refid="Zcom99000Query.PagingTop" />
        <include refid="InlineViewQuery" />
        <include refid="WhereQuery" />
        <![CDATA[
            ORDER BY 
                     APRJ10050.CO_ID                         
                   , APRJ10050.FORM_ID                       
        ]]>
        <include refid="Zcom99000Query.PagingBottom" />
    </select>

    <!-- 설정_양식리스트수조회 -->
    <select id="selectAPRJ10050_01" parameterType="Aprj10050Model" resultType="Aprj10050Model" >
        <![CDATA[
            SELECT
                     COUNT(*) totCnt
            FROM   (
        ]]>
        <include refid="InlineViewQuery"/>
        <include refid="WhereQuery" />
        <![CDATA[
                   ) TOT
        ]]>
    </select>


    <!-- 설정_양식조회 -->
    <select id="selectAPRJ10050_02" parameterType="Aprj10050Model" resultType="Aprj10050Model" >
        <include refid="InlineViewQuery" />
        <![CDATA[
            AND    APRJ10050.CO_ID                          = #{coId}                           /* 업체 ID                        */
            AND    APRJ10050.FORM_ID                        = #{formId}                         /* 양식 ID                        */
        ]]>
    </select>


    <!-- 설정_양식등록 -->
    <insert id="insertAPRJ10050_00" parameterType="Aprj10050Model" >
        <![CDATA[
            INSERT INTO APRJ10050
            (
                     CO_ID                             /* 업체 ID                        */
                   , FORM_ID                           /* 양식 ID                        */
                   , FORM_NM                           /* 양식 명                        */
                   , FORM_VER                          /* 양식 버전                      */
                   , FORM_CTT                          /* 양식 내용                      */
                   , DEL_YN                            /* 삭제 여부                      */
                   , RGST_ID                           /* 등록 ID                        */
                   , RGST_IP                           /* 등록 IP                        */
                   , RGST_DTM                          /* 등록 일시                      */
                   , UPDT_ID                           /* 수정 ID                        */
                   , UPDT_IP                           /* 수정 IP                        */
                   , UPDT_DTM                          /* 수정 일시                      */
            ) VALUES (
                     #{coId}                           /* 업체 ID                        */
                   , #{formId}                         /* 양식 ID                        */
                   , #{formNm}                         /* 양식 명                        */
                   , #{formVer}                        /* 양식 버전                      */
                   , #{formCtt}                        /* 양식 내용                      */
                   , #{delYn}                          /* 삭제 여부                      */
                   , #{rgstId}                         /* 등록 ID                        */
                   , #{rgstIp}                         /* 등록 IP                        */
                   , #{rgstDtm}                        /* 등록 일시                      */
                   , #{updtId}                         /* 수정 ID                        */
                   , #{updtIp}                         /* 수정 IP                        */
                   , #{updtDtm}                        /* 수정 일시                      */
            )
        ]]>
    </insert>


    <!-- 설정_양식수정 -->
    <update id="updateAPRJ10050_00" parameterType="Aprj10050Model" >
        <![CDATA[
            UPDATE APRJ10050 SET
                     FORM_NM                        = #{formNm}                         /* 양식 명                        */
                   , FORM_VER                       = #{formVer}                        /* 양식 버전                      */
                   , FORM_CTT                       = #{formCtt}                        /* 양식 내용                      */
                   , DEL_YN                         = #{delYn}                          /* 삭제 여부                      */
                   , UPDT_ID                        = #{updtId}                         /* 수정 ID                        */
                   , UPDT_IP                        = #{updtIp}                         /* 수정 IP                        */
                   , UPDT_DTM                       = #{updtDtm}                        /* 수정 일시                      */
            WHERE  1 = 1
            AND    CO_ID                          = #{coId}                           /* 업체 ID                        */
            AND    FORM_ID                        = #{formId}                         /* 양식 ID                        */
        ]]>
    </update>


    <!-- 설정_양식삭제 -->
    <delete id="deleteAPRJ10050_00" parameterType="Aprj10050Model" >
        <![CDATA[
            DELETE FROM APRJ10050
            WHERE  1 = 1
            AND    CO_ID                          = #{coId}                           /* 업체 ID                        */
            AND    FORM_ID                        = #{formId}                         /* 양식 ID                        */
        ]]>
    </delete>

</mapper>