<?xml version="1.0" encoding="UTF-8"?>
<!DOCTYPE mapper
    PUBLIC "-//mybatis.org//DTD Mapper 3.0//EN"
    "http://mybatis.org/dtd/mybatis-3-mapper.dtd">
<mapper namespace="Aprj10011Query">



    <sql id="WhereQuery" >
        <if test="@project.spring.app.a.lib.object.CommonMyBatis@isNotEmpty(srchAstId)">
            AND    APRJ10011.AST_ID                      LIKE CONCAT('%', #{srchAstId}, '%')
        </if>
        <if test="@project.spring.app.a.lib.object.CommonMyBatis@isNotEmpty(srchAstNm)">
            AND    APRJ10012.AST_NM                      LIKE CONCAT('%', #{srchAstNm}, '%')
        </if>
    </sql>


    <sql id="InlineViewQuery" >
        <![CDATA[
            SELECT
                     APRJ10011.CO_ID                         coId                              /* 업체 ID                        */
                   , APRJ10011.AST_CL_ID                     astClId                           /* 자산 구분 ID                   */
                   , APRJ10011.AST_ID                        astId                             /* 자산 ID                        */
                   , APRJ10012.AST_NM                        astNm                             /* 자산 명                        */
                   , APRJ10012.AST_CTT                       astCtt                            /* 자산 내용                      */
                   , APRJ10011.DEL_YN                        delYn                             /* 삭제 여부                      */

                   , APRJ10011.RGST_ID                       rgstId                            /* 등록 ID                        */
                   , RGST     .USER_NM                       rgstNm                            /* 등록 명                        */
                   , APRJ10011.RGST_IP                       rgstIp                            /* 등록 IP                        */
                   , APRJ10011.RGST_DTM                      rgstDtm                           /* 등록 일시                      */
                   , APRJ10011.UPDT_ID                       updtId                            /* 수정 ID                        */
                   , UPDT     .USER_NM                       updtNm                            /* 수정 명                        */
                   , APRJ10011.UPDT_IP                       updtIp                            /* 수정 IP                        */
                   , APRJ10011.UPDT_DTM                      updtDtm                           /* 수정 일시                      */

            FROM   APRJ10011

                   LEFT OUTER JOIN APRJ10012
                   ON     APRJ10011.CO_ID  = APRJ10012.CO_ID
                   AND    APRJ10011.AST_ID = APRJ10012.AST_ID

                   LEFT OUTER JOIN ZCOM99030 RGST
                   ON     RGST.USER_ID = APRJ10011.RGST_ID

                   LEFT OUTER JOIN ZCOM99030 UPDT
                   ON     UPDT.USER_ID = APRJ10011.UPDT_ID

            WHERE  1 = 1
        ]]>
    </sql>


    <!-- 설정_자산구분자산리스트조회 -->
    <select id="selectAPRJ10011_00" parameterType="Aprj10010Model" resultType="Aprj10010Model" >
        <include refid="Zcom99000Query.PagingTop" />
        <include refid="InlineViewQuery" />
        <include refid="WhereQuery" />
        <![CDATA[
            AND    APRJ10011.CO_ID                          = #{coId}                           /* 업체 ID                        */
            AND    APRJ10011.AST_CL_ID                      = #{astClId}                        /* 자산 구분 ID                   */
            ORDER BY 
                     APRJ10011.CO_ID                         
                   , APRJ10011.AST_CL_ID                     
                   , APRJ10011.AST_ID                        
        ]]>
        <include refid="Zcom99000Query.PagingBottom" />
    </select>

    <!-- 설정_자산구분자산리스트수조회 -->
    <select id="selectAPRJ10011_01" parameterType="Aprj10010Model" resultType="Aprj10010Model" >
        <![CDATA[
            SELECT
                     COUNT(*) totCnt
            FROM   (
        ]]>
        <include refid="InlineViewQuery"/>
        <include refid="WhereQuery" />
        <![CDATA[
            AND    APRJ10011.CO_ID                          = #{coId}                           /* 업체 ID                        */
            AND    APRJ10011.AST_CL_ID                      = #{astClId}                        /* 자산 구분 ID                   */
                   ) TOT
        ]]>
    </select>


    <!-- 설정_자산구분자산조회 -->
    <select id="selectAPRJ10011_02" parameterType="Aprj10010Model" resultType="Aprj10010Model" >
        <include refid="InlineViewQuery" />
        <![CDATA[
            AND    APRJ10011.CO_ID                          = #{coId}                           /* 업체 ID                        */
            AND    APRJ10011.AST_CL_ID                      = #{astClId}                        /* 자산 구분 ID                   */
            AND    APRJ10011.AST_ID                         = #{astId}                          /* 자산 ID                        */
        ]]>
    </select>


    <!-- 설정_자산구분자산등록 -->
    <insert id="insertAPRJ10011_00" parameterType="Aprj10010Model" >
        <![CDATA[
            INSERT INTO APRJ10011
            (
                     CO_ID                             /* 업체 ID                        */
                   , AST_CL_ID                         /* 자산 구분 ID                   */
                   , AST_ID                            /* 자산 ID                        */
                   , DEL_YN                            /* 삭제 여부                      */
                   , RGST_ID                           /* 등록 ID                        */
                   , RGST_IP                           /* 등록 IP                        */
                   , RGST_DTM                          /* 등록 일시                      */
                   , UPDT_ID                           /* 수정 ID                        */
                   , UPDT_IP                           /* 수정 IP                        */
                   , UPDT_DTM                          /* 수정 일시                      */
            ) VALUES (
                     #{coId}                           /* 업체 ID                        */
                   , #{astClId}                        /* 자산 구분 ID                   */
                   , #{astId}                          /* 자산 ID                        */
                   , #{delYn}                          /* 삭제 여부                      */
                   , #{rgstId}                         /* 등록 ID                        */
                   , #{rgstIp}                         /* 등록 IP                        */
                   , #{rgstDtm}                        /* 등록 일시                      */
                   , #{updtId}                         /* 수정 ID                        */
                   , #{updtIp}                         /* 수정 IP                        */
                   , #{updtDtm}                        /* 수정 일시                      */
            )
        ]]>
    </insert>


    <!-- 설정_자산구분자산등록 -->
    <insert id="insertAPRJ10011_10" parameterType="Aprj10010Model" >
        <![CDATA[
            INSERT INTO APRJ10011
            (
                     CO_ID                             /* 업체 ID                        */
                   , AST_CL_ID                         /* 자산 구분 ID                   */
                   , AST_ID                            /* 자산 ID                        */
                   , DEL_YN                            /* 삭제 여부                      */
                   , RGST_ID                           /* 등록 ID                        */
                   , RGST_IP                           /* 등록 IP                        */
                   , RGST_DTM                          /* 등록 일시                      */
                   , UPDT_ID                           /* 수정 ID                        */
                   , UPDT_IP                           /* 수정 IP                        */
                   , UPDT_DTM                          /* 수정 일시                      */
            )
            SELECT
                     #{copyCoId}                       /* 업체 ID                        */
                   , AST_CL_ID                         /* 자산 구분 ID                   */
                   , AST_ID                            /* 자산 ID                        */
                   , DEL_YN                            /* 삭제 여부                      */
                   , #{rgstId}                         /* 등록 ID                        */
                   , #{rgstIp}                         /* 등록 IP                        */
                   , #{rgstDtm}                        /* 등록 일시                      */
                   , #{updtId}                         /* 수정 ID                        */
                   , #{updtIp}                         /* 수정 IP                        */
                   , #{updtDtm}                        /* 수정 일시                      */
            FROM   APRJ10011
            WHERE  1 = 1
            AND    CO_ID = #{coId}
        ]]>
    </insert>


    <!-- 설정_자산구분자산수정 -->
    <update id="updateAPRJ10011_00" parameterType="Aprj10010Model" >
        <![CDATA[
            UPDATE APRJ10011 SET
                     DEL_YN                         = #{delYn}                          /* 삭제 여부                      */
                   , UPDT_ID                        = #{updtId}                         /* 수정 ID                        */
                   , UPDT_IP                        = #{updtIp}                         /* 수정 IP                        */
                   , UPDT_DTM                       = #{updtDtm}                        /* 수정 일시                      */
            WHERE  1 = 1
            AND    CO_ID                          = #{coId}                           /* 업체 ID                        */
            AND    AST_CL_ID                      = #{astClId}                        /* 자산 구분 ID                   */
            AND    AST_ID                         = #{astId}                          /* 자산 ID                        */
        ]]>
    </update>


    <!-- 설정_자산구분자산삭제 -->
    <delete id="deleteAPRJ10011_00" parameterType="Aprj10010Model" >
        <![CDATA[
            DELETE FROM APRJ10011
            WHERE  1 = 1
            AND    CO_ID                          = #{coId}                           /* 업체 ID                        */
            AND    AST_CL_ID                      = #{astClId}                        /* 자산 구분 ID                   */
            AND    AST_ID                         = #{astId}                          /* 자산 ID                        */
        ]]>
    </delete>


    <!-- 설정_자산구분자산삭제 -->
    <delete id="deleteAPRJ10011_01" parameterType="Aprj10010Model" >
        <![CDATA[
            TRUNCATE TABLE APRJ10011
        ]]>
    </delete>


    <!-- 설정_자산구분자산삭제 -->
    <delete id="deleteAPRJ10011_10" parameterType="AprjModel" >
        <![CDATA[
            DELETE FROM APRJ10011
            WHERE  1 = 1
            AND    CO_ID                          = #{coId}                           /* 업체 ID                        */
        ]]>
    </delete>


</mapper>