<?xml version="1.0" encoding="UTF-8"?>
<!DOCTYPE mapper
    PUBLIC "-//mybatis.org//DTD Mapper 3.0//EN"
    "http://mybatis.org/dtd/mybatis-3-mapper.dtd">
<mapper namespace="Aprj10031Query">



    <sql id="WhereQuery" >

    </sql>


    <sql id="InlineViewQuery" >
        <![CDATA[
            SELECT
                     APRJ10031.CO_ID                         coId                              /* 업체 ID                        */
                   , ZCOM99031.CO_NM                         coNm                              /* 업체 명                        */
                   , APRJ10031.STM_ID                        stmId                             /* 결제 ID                        */
                   , APRJ10031.STM_SER_NUM                   stmSerNum                         /* 결제 일련번호                  */
                   , APRJ10031.STM_CL_CD                     stmClCd                           /* 결제 구분 코드                 */
                   , (
                        SELECT ZCOM99011.CD_NM 
                        FROM   ZCOM99011 
                        WHERE  ZCOM99011.GRP_CD = 'APRJ000003'
                        AND    ZCOM99011.CD     = APRJ10031.STM_CL_CD
                     )                                       stmClNm                           /* 결제 구분 명                   */
                   , APRJ10031.STM_AUTH_CD                   stmAuthCd                         /* 결제 권한 코드                 */
                   , (
                        SELECT ZCOM99011.CD_NM 
                        FROM   ZCOM99011 
                        WHERE  ZCOM99011.GRP_CD = 'APRJ000007'
                        AND    ZCOM99011.CD     = APRJ10031.STM_AUTH_CD
                     )                                       stmAuthNm                         /* 결제 권한 명                   */
                   , APRJ10031.STM_OP_CHRG_ID                stmOpChrgId                       /* 결제 업무 담당 ID              */
                   , APRJ10020.OP_CHRG_NM                    stmOpChrgNm                       /* 결제 업무 담당 명              */
                   , APRJ10031.DEL_YN                        delYn                             /* 삭제 여부                      */

                   , APRJ10031.RGST_ID                       rgstId                            /* 등록 ID                        */
                   , RGST     .USER_NM                       rgstNm                            /* 등록 명                        */
                   , APRJ10031.RGST_IP                       rgstIp                            /* 등록 IP                        */
                   , APRJ10031.RGST_DTM                      rgstDtm                           /* 등록 일시                      */
                   , APRJ10031.UPDT_ID                       updtId                            /* 수정 ID                        */
                   , UPDT     .USER_NM                       updtNm                            /* 수정 명                        */
                   , APRJ10031.UPDT_IP                       updtIp                            /* 수정 IP                        */
                   , APRJ10031.UPDT_DTM                      updtDtm                           /* 수정 일시                      */

            FROM   APRJ10031

                   LEFT OUTER JOIN ZCOM99031
                   ON     ZCOM99031.CO_ID = APRJ10031.CO_ID

                   LEFT OUTER JOIN APRJ10020
                   ON     APRJ10020.CO_ID      = APRJ10031.CO_ID
                   AND    APRJ10020.OP_CHRG_ID = APRJ10031.STM_OP_CHRG_ID

                   LEFT OUTER JOIN ZCOM99030 RGST
                   ON     RGST.USER_ID = APRJ10031.RGST_ID

                   LEFT OUTER JOIN ZCOM99030 UPDT
                   ON     UPDT.USER_ID = APRJ10031.UPDT_ID

            WHERE  1 = 1
        ]]>
    </sql>


    <!-- 설정_결제라인리스트조회 -->
    <select id="selectAPRJ10031_00" parameterType="Aprj10030Model" resultType="Aprj10030Model" >
        <include refid="Zcom99000Query.PagingTop" />
        <include refid="InlineViewQuery" />
        <include refid="WhereQuery" />
        <![CDATA[
            AND    APRJ10031.CO_ID                          = #{coId}                           /* 업체 ID                        */
            AND    APRJ10031.STM_ID                         = #{stmId}                          /* 결제 ID                        */
            ORDER BY 
                     APRJ10031.CO_ID                         
                   , APRJ10031.STM_ID                        
                   , APRJ10031.STM_SER_NUM                   
        ]]>
        <include refid="Zcom99000Query.PagingBottom" />
    </select>

    <!-- 설정_결제라인리스트수조회 -->
    <select id="selectAPRJ10031_01" parameterType="Aprj10030Model" resultType="Aprj10030Model" >
        <![CDATA[
            SELECT
                     COUNT(*) totCnt
            FROM   (
        ]]>
        <include refid="InlineViewQuery"/>
        <include refid="WhereQuery" />
        <![CDATA[
            AND    APRJ10031.CO_ID                          = #{coId}                           /* 업체 ID                        */
            AND    APRJ10031.STM_ID                         = #{stmId}                          /* 결제 ID                        */
                   ) TOT
        ]]>
    </select>


    <!-- 설정_결제라인조회 -->
    <select id="selectAPRJ10031_02" parameterType="Aprj10030Model" resultType="Aprj10030Model" >
        <include refid="InlineViewQuery" />
        <![CDATA[
            AND    APRJ10031.CO_ID                          = #{coId}                           /* 업체 ID                        */
            AND    APRJ10031.STM_ID                         = #{stmId}                          /* 결제 ID                        */
            AND    APRJ10031.STM_SER_NUM                    = #{stmSerNum}                      /* 결제 일련번호                  */
        ]]>
    </select>


    <!-- 설정_결제라인등록 -->
    <insert id="insertAPRJ10031_00" parameterType="Aprj10030Model" >
        <selectKey order="BEFORE" keyProperty="stmSerNum" resultType="java.lang.String" >
        <![CDATA[
            SELECT  IFNULL(MAX(STM_SER_NUM), 0) + 1 stmSerNum
            FROM    APRJ10031
            WHERE   1 = 1
            AND    CO_ID                          = #{coId}                           /* 업체 ID                        */
            AND    STM_ID                         = #{stmId}                          /* 결제 ID                        */
        ]]>
        </selectKey>
        <![CDATA[
            INSERT INTO APRJ10031
            (
                     CO_ID                             /* 업체 ID                        */
                   , STM_ID                            /* 결제 ID                        */
                   , STM_SER_NUM                       /* 결제 일련번호                  */
                   , STM_CL_CD                         /* 결제 구분 코드                 */
                   , STM_AUTH_CD                       /* 결제 권한 코드                 */
                   , STM_OP_CHRG_ID                    /* 결제 업무 담당 ID              */
                   , DEL_YN                            /* 삭제 여부                      */
                   , RGST_ID                           /* 등록 ID                        */
                   , RGST_IP                           /* 등록 IP                        */
                   , RGST_DTM                          /* 등록 일시                      */
                   , UPDT_ID                           /* 수정 ID                        */
                   , UPDT_IP                           /* 수정 IP                        */
                   , UPDT_DTM                          /* 수정 일시                      */
            ) VALUES (
                     #{coId}                           /* 업체 ID                        */
                   , #{stmId}                          /* 결제 ID                        */
                   , #{stmSerNum}                      /* 결제 일련번호                  */
                   , #{stmClCd}                        /* 결제 구분 코드                 */
                   , #{stmAuthCd}                      /* 결제 권한 코드                 */
                   , #{stmOpChrgId}                    /* 결제 업무 담당 ID              */
                   , #{delYn}                          /* 삭제 여부                      */
                   , #{rgstId}                         /* 등록 ID                        */
                   , #{rgstIp}                         /* 등록 IP                        */
                   , #{rgstDtm}                        /* 등록 일시                      */
                   , #{updtId}                         /* 수정 ID                        */
                   , #{updtIp}                         /* 수정 IP                        */
                   , #{updtDtm}                        /* 수정 일시                      */
            )
        ]]>
    </insert>


    <!-- 설정_결제라인등록 -->
    <insert id="insertAPRJ10031_10" parameterType="AprjModel" >
        <![CDATA[
            INSERT INTO APRJ10031
            (
                     CO_ID                             /* 업체 ID                        */
                   , STM_ID                            /* 결제 ID                        */
                   , STM_SER_NUM                       /* 결제 일련번호                  */
                   , STM_CL_CD                         /* 결제 구분 코드                 */
                   , STM_AUTH_CD                       /* 결제 권한 코드                 */
                   , STM_OP_CHRG_ID                    /* 결제 업무 담당 ID              */
                   , DEL_YN                            /* 삭제 여부                      */
                   , RGST_ID                           /* 등록 ID                        */
                   , RGST_IP                           /* 등록 IP                        */
                   , RGST_DTM                          /* 등록 일시                      */
                   , UPDT_ID                           /* 수정 ID                        */
                   , UPDT_IP                           /* 수정 IP                        */
                   , UPDT_DTM                          /* 수정 일시                      */
            ) 
            SELECT
                     #{coId}                           /* 업체 ID                        */
                   , STM_ID                            /* 결제 ID                        */
                   , STM_SER_NUM                       /* 결제 일련번호                  */
                   , STM_CL_CD                         /* 결제 구분 코드                 */
                   , STM_AUTH_CD                       /* 결제 권한 코드                 */
                   , STM_OP_CHRG_ID                    /* 결제 업무 담당 ID              */
                   , DEL_YN                            /* 삭제 여부                      */

                   , #{rgstId}                         /* 등록 ID                        */
                   , #{rgstIp}                         /* 등록 IP                        */
                   , #{rgstDtm}                        /* 등록 일시                      */
                   , #{updtId}                         /* 수정 ID                        */
                   , #{updtIp}                         /* 수정 IP                        */
                   , #{updtDtm}                        /* 수정 일시                      */
            FROM   APRJ10031
            WHERE  1 = 1
            AND    CO_ID = '0000000000'
        ]]>
    </insert>


    <!-- 설정_결제라인수정 -->
    <update id="updateAPRJ10031_00" parameterType="Aprj10030Model" >
        <![CDATA[
            UPDATE APRJ10031 SET
                     STM_CL_CD                      = #{stmClCd}                        /* 결제 구분 코드                 */
                   , STM_AUTH_CD                    = #{stmAuthCd}                      /* 결제 권한 코드                 */
                   , STM_OP_CHRG_ID                 = #{stmOpChrgId}                    /* 결제 업무 담당 ID              */
                   , DEL_YN                         = #{delYn}                          /* 삭제 여부                      */
                   , UPDT_ID                        = #{updtId}                         /* 수정 ID                        */
                   , UPDT_IP                        = #{updtIp}                         /* 수정 IP                        */
                   , UPDT_DTM                       = #{updtDtm}                        /* 수정 일시                      */
            WHERE  1 = 1
            AND    CO_ID                          = #{coId}                           /* 업체 ID                        */
            AND    STM_ID                         = #{stmId}                          /* 결제 ID                        */
            AND    STM_SER_NUM                    = #{stmSerNum}                      /* 결제 일련번호                  */
        ]]>
    </update>


    <!-- 설정_결제라인삭제 -->
    <delete id="deleteAPRJ10031_00" parameterType="Aprj10030Model" >
        <![CDATA[
            DELETE FROM APRJ10031
            WHERE  1 = 1
            AND    CO_ID                          = #{coId}                           /* 업체 ID                        */
            AND    STM_ID                         = #{stmId}                          /* 결제 ID                        */
            AND    STM_SER_NUM                    = IFNULL(#{stmSerNum}, STM_SER_NUM) /* 결제 일련번호                  */
        ]]>
    </delete>


    <!-- 설정_결제라인삭제 -->
    <delete id="deleteAPRJ10031_01" parameterType="Aprj10030Model" >
        <![CDATA[
            TRUNCATE TABLE APRJ10031
        ]]>
    </delete>


    <!-- 설정_결제라인삭제 -->
    <delete id="deleteAPRJ10031_10" parameterType="AprjModel" >
        <![CDATA[
            DELETE FROM APRJ10031
            WHERE  1 = 1
            AND    CO_ID                          = #{coId}                           /* 업체 ID                        */
        ]]>
    </delete>


</mapper>