<beans xmlns="http://www.springframework.org/schema/beans"
	xmlns:xsi="http://www.w3.org/2001/XMLSchema-instance"
	xmlns:mvc="http://www.springframework.org/schema/mvc"
	xmlns:context="http://www.springframework.org/schema/context"
	xsi:schemaLocation="
	    http://www.springframework.org/schema/beans
	    http://www.springframework.org/schema/beans/spring-beans-4.3.xsd
		http://www.springframework.org/schema/mvc
		http://www.springframework.org/schema/mvc/spring-mvc-4.3.xsd	
		http://www.springframework.org/schema/context
		http://www.springframework.org/schema/context/spring-context-4.3.xsd">

	<!-- Scans within the base package of the application for @Components to configure as beans -->
    <mvc:annotation-driven />
    <context:component-scan base-package="project.spring.app" />
    
    <bean id="viewResolver" class="org.springframework.web.servlet.view.UrlBasedViewResolver">
        <property name="viewClass" value="org.springframework.web.servlet.view.JstlView" />
        <property name="prefix" value="/WEB-INF/views/" />
        <property name="suffix" value=".jsp" />
        <property name="order"  value="1"/>
    </bean>
    
    <!-- File Upload -->
    <bean id="multipartResolver" class="org.springframework.web.multipart.commons.CommonsMultipartResolver">
        <property name="maxUploadSize"     value="100000000"/>
        <property name="uploadTempDir"     ref="uploadDirResource"/>
    </bean>
    <bean id="uploadDirResource" class="org.springframework.core.io.FileSystemResource">
        <constructor-arg value="/gadian2018/IO/project/uploadFile/temp/" />
    </bean>
    
    <!-- File Download -->
    <bean class="org.springframework.web.servlet.view.BeanNameViewResolver">
        <property name="order" value="0"/>
    </bean>
    <bean id="download" class="project.spring.app.a.lib.util.FileDownloadView"/>
    
    <!--
    <mvc:interceptors>
        <mvc:interceptor>
            <mvc:mapping path="/**/*.do"/>
            <mvc:exclude-mapping path="/**/rfid20410_40.do"/>
            <bean class="hanmi.rfid.com.spring.lib.interceptor.LoginInterceptor" />
        </mvc:interceptor>
    </mvc:interceptors>
    <import resource="scheduler-context.xml"/>
    -->
    
    <import resource="scheduler-context.xml"/>
    
</beans>
