<?xml version="1.0" encoding="UTF-8"?>
<beans xmlns="http://www.springframework.org/schema/beans"
    xmlns:xsi="http://www.w3.org/2001/XMLSchema-instance"
    xmlns:mvc="http://www.springframework.org/schema/mvc"
    xmlns:context="http://www.springframework.org/schema/context"
    xmlns:mybatis="http://mybatis.org/schema/mybatis-spring"
    xmlns:tx="http://www.springframework.org/schema/tx"

    xsi:schemaLocation="
        http://www.springframework.org/schema/beans
        http://www.springframework.org/schema/beans/spring-beans-4.3.xsd
        http://www.springframework.org/schema/mvc
        http://www.springframework.org/schema/mvc/spring-mvc-4.3.xsd
        http://www.springframework.org/schema/context
        http://www.springframework.org/schema/context/spring-context-4.3.xsd
        http://www.springframework.org/schema/tx
        http://www.springframework.org/schema/tx/spring-tx-4.3.xsd
        http://www.springframework.org/schema/aop
        http://www.springframework.org/schema/aop/spring-aop-4.3.xsd
        http://www.springframework.org/schema/util
        http://www.springframework.org/schema/util/spring-util-4.3.xsd
        http://mybatis.org/schema/mybatis-spring
        http://mybatis.org/schema/mybatis-spring.xsd">

    <!-- 메시지 처리 -->
    <bean id="messageSource" class="org.springframework.context.support.ReloadableResourceBundleMessageSource">
        <property name="basenames">
            <list>
                <value>classpath:resource/message/message</value>
            </list>
        </property>
        <property name="defaultEncoding" value="UTF-8"/>
        <property name="cacheSeconds" value="5"/>
    </bean>

    <bean id="messageSourceAccessor" class="org.springframework.context.support.MessageSourceAccessor">
        <constructor-arg>
            <ref bean="messageSource" />
        </constructor-arg>
    </bean>


    <!-- Mysql  -->
    <bean id="dataSourceConn" class="org.springframework.jdbc.datasource.SimpleDriverDataSource">
        <property name="driverClass" value="core.log.jdbc.driver.MysqlDriver" />
        <property name="url"         value="jdbc:mysql://localhost:3306/gadian2018?characterEncoding=UTF-8" />
        <property name="username"    value="gadian2018" />
        <property name="password"    value="rkeldks!2" />
    </bean>
    <bean id="transactionManagerConn" class="org.springframework.jdbc.datasource.DataSourceTransactionManager">
        <property name="dataSource" ref="dataSourceConn"/>
    </bean>
    <bean id="sqlSessionFactoryConn" class="org.mybatis.spring.SqlSessionFactoryBean">
        <property name="dataSource" ref="dataSourceConn" />
        <property name="configLocation" value="WEB-INF/classes/resource/sql/sqlMapConfig.xml" />
    </bean>
    <bean id="sqlSessionConn" class="org.mybatis.spring.SqlSessionTemplate">
        <constructor-arg index="0" ref="sqlSessionFactoryConn" />
    </bean>


    <context:annotation-config />
    <tx:annotation-driven />

</beans>

