<?xml version="1.0" encoding="UTF-8"?>
<!DOCTYPE mapper
    PUBLIC "-//mybatis.org//DTD Mapper 3.0//EN"
    "http://mybatis.org/dtd/mybatis-3-mapper.dtd">
<mapper namespace="Zcom99020Query">



    <sql id="WhereQuery" >
        <if test="@project.spring.app.a.lib.object.CommonMyBatis@isNotEmpty(srchMenuId)">
            AND    ZCOM99020.MENU_ID                     LIKE CONCAT('%', #{srchMenuId}, '%')
        </if>
        <if test="@project.spring.app.a.lib.object.CommonMyBatis@isNotEmpty(srchMenuNm)">
            AND    ZCOM99020.MENU_NM                     LIKE CONCAT('%', #{srchMenuNm}, '%')
        </if>
        <if test="@project.spring.app.a.lib.object.CommonMyBatis@isNotEmpty(srchMenuLevVal)">
            AND    ZCOM99020.MENU_LEV_VAL                   = #{srchMenuLevVal}
        </if>
        <if test="@project.spring.app.a.lib.object.CommonMyBatis@isNotEmpty(srchSeqNum)">
            AND    ZCOM99020.SEQ_NUM                        = #{srchSeqNum}
        </if>
        <if test="@project.spring.app.a.lib.object.CommonMyBatis@isNotEmpty(srchSupMenuId)">
            AND    ZCOM99020.SUP_MENU_ID                    = #{srchSupMenuId}
        </if>
        <if test="@project.spring.app.a.lib.object.CommonMyBatis@isNotEmpty(srchActId)">
            AND    ZCOM99020.ACT_ID                         = #{srchActId}
        </if>
        <if test="@project.spring.app.a.lib.object.CommonMyBatis@isNotEmpty(srchUrl)">
            AND    ZCOM99020.URL                            = #{srchUrl}
        </if>
        <if test="@project.spring.app.a.lib.object.CommonMyBatis@isNotEmpty(srchMenuCtt)">
            AND    ZCOM99020.MENU_CTT                       = #{srchMenuCtt}
        </if>
    </sql>

    <sql id="MenuAuthViewQuery" >
        <![CDATA[
            SELECT
                     ZCOM99021.SER_NUM                       serNum                            /* 일련번호                       */
            FROM   ZCOM99021
            WHERE  1 = 1
            AND    DATE_FORMAT(NOW(), '%Y%m%d') BETWEEN ZCOM99021.EFF_STA_DT
                                                    AND ZCOM99021.EFF_END_DT
            AND    (ZCOM99021.MENU_AUTH_CD = '1000' AND ZCOM99021.USER_AUTH_CD = #{userAuthCd} OR
                    ZCOM99021.MENU_AUTH_CD = '2000' AND ZCOM99021.USER_ID      = #{userId}       )
            ORDER BY
                     ZCOM99021.MENU_AUTH_CD DESC
            LIMIT 0, 1
        ]]>
    </sql>

    <sql id="InlineViewQuery" >
        <![CDATA[
            SELECT
                     ZCOM99020.MENU_ID                       menuId                            /* 메뉴 ID                        */
                   , ZCOM99020.MENU_NM                       menuNm                            /* 메뉴 명                        */
                   , ZCOM99020.MENU_LEV_VAL                  menuLevVal                        /* 메뉴 레벨 값                   */
                   , ZCOM99020.SEQ_NUM                       seqNum                            /* 순번                           */
                   , ZCOM99020.SUP_MENU_ID                   supMenuId                         /* 상위 메뉴 ID                   */
                   , SUP_99020.MENU_NM                       supMenuNm                         /* 상위 메뉴 명                   */
                   , ZCOM99020.ACT_ID                        actId                             /* ACTION ID                      */
                   , ZCOM99020.URL                           url                               /* URL                            */
                   , ZCOM99020.MENU_CTT                      menuCtt                           /* 메뉴 내용                      */
                   , ZCOM99020.EFF_STA_DT                    effStaDt                          /* 유효 시작 일자                 */
                   , ZCOM99020.EFF_END_DT                    effEndDt                          /* 유효 종료 일자                 */
                   , ZCOM99020.DEL_YN                        delYn                             /* 삭제 여부                      */
                   
                   , ZCOM99020.RGST_ID                       rgstId                            /* 등록 ID                        */
                   , RGST     .USER_NM                       rgstNm                            /* 등록 명                        */
                   , ZCOM99020.RGST_IP                       rgstIp                            /* 등록 IP                        */
                   , ZCOM99020.RGST_DTM                      rgstDtm                           /* 등록 일시                      */
                   , ZCOM99020.UPDT_ID                       updtId                            /* 수정 ID                        */
                   , UPDT     .USER_NM                       updtNm                            /* 수정 명                        */
                   , ZCOM99020.UPDT_IP                       updtIp                            /* 수정 IP                        */
                   , ZCOM99020.UPDT_DTM                      updtDtm                           /* 수정 일시                      */
                   
            FROM   ZCOM99020
            
                   LEFT OUTER JOIN ZCOM99020 SUP_99020
                   ON     ZCOM99020.SUP_MENU_ID  = SUP_99020.MENU_ID
                   
                   LEFT OUTER JOIN ZCOM99030 RGST
                   ON     RGST.USER_ID = ZCOM99020.RGST_ID

                   LEFT OUTER JOIN ZCOM99030 UPDT
                   ON     UPDT.USER_ID = ZCOM99020.UPDT_ID

            WHERE  1 = 1
        ]]>
    </sql>


    <!-- 관리자_메뉴리스트조회 -->
    <select id="selectZCOM99020_00" parameterType="Zcom99020Model" resultType="Zcom99020Model" >
        <include refid="Zcom99000Query.PagingTop" />
        <include refid="InlineViewQuery" />
        <include refid="WhereQuery" />
        <![CDATA[
            ORDER BY 
                     ZCOM99020.MENU_ID                       
        ]]>
        <include refid="Zcom99000Query.PagingBottom" />
    </select>

    <!-- 관리자_메뉴리스트수조회 -->
    <select id="selectZCOM99020_01" parameterType="Zcom99020Model" resultType="Zcom99020Model" >
        <![CDATA[
            SELECT
                     COUNT(*) totCnt
            FROM   (
        ]]>
        <include refid="InlineViewQuery"/>
        <include refid="WhereQuery" />
        <![CDATA[
                   ) TOT
        ]]>
    </select>


    <!-- 관리자_메뉴조회 -->
    <select id="selectZCOM99020_02" parameterType="Zcom99020Model" resultType="Zcom99020Model" >
        <include refid="InlineViewQuery" />
        <![CDATA[
            AND    ZCOM99020.MENU_ID                        = #{menuId}                         /* 메뉴 ID                        */
        ]]>
    </select>


    <!-- 관리자_사용자상위메뉴리스트조회 -->
    <select id="selectZCOM99020_03" parameterType="Zcom99020Model" resultType="Zcom99020Model" >
        <![CDATA[
            SELECT
                     SUP_99020.MENU_ID                       supMenuId                         /* 상위 메뉴 ID                   */
                   , SUP_99020.MENU_NM                       supMenuNm                         /* 상위 메뉴 명                   */
                   , ZCOM99020.MENU_ID                       menuId                            /* 메뉴 ID                        */
                   , ZCOM99020.MENU_NM                       menuNm                            /* 메뉴 명                        */
                   , ZCOM99020.MENU_LEV_VAL                  menuLevVal                        /* 메뉴 레벨 값                   */
                   , ZCOM99020.ACT_ID                        actId                             /* 시행 ID                        */
                   , ZCOM99020.URL                           url                               /* URL                            */
                   , ZCOM99020.DEL_YN                        delYn                             /* 삭제 여부                      */
            FROM   ZCOM99020 SUP_99020

                   JOIN ZCOM99020
                   ON     ZCOM99020.SUP_MENU_ID  = SUP_99020.MENU_ID
                   AND    ZCOM99020.EFF_STA_DT  <= DATE_FORMAT(NOW(), '%Y%m%d')
                   AND    ZCOM99020.EFF_END_DT  >= DATE_FORMAT(NOW(), '%Y%m%d')
                   
                   JOIN ZCOM99022
                   ON     ZCOM99022.MENU_ID      = ZCOM99020.MENU_ID
                   AND    ZCOM99022.SER_NUM      = (
        ]]>
        <include refid="Zcom99020Query.MenuAuthViewQuery" />
        <![CDATA[
                                                   )

            WHERE  1 = 1
            AND    SUP_99020.SUP_MENU_ID = '00'
            AND    SUP_99020.EFF_STA_DT  <= DATE_FORMAT(NOW(), '%Y%m%d')
            AND    SUP_99020.EFF_END_DT  >= DATE_FORMAT(NOW(), '%Y%m%d')
            ORDER BY
                     ZCOM99020.MENU_ID
        ]]>
    </select>

    
    <!-- 관리자_사용자실행메뉴조회 -->
    <select id="selectZCOM99020_04" parameterType="Zcom99020Model" resultType="Zcom99020Model" >
        <![CDATA[
            SELECT
                     ZCOM99020.SUP_MENU_ID                   supMenuId                         /* 상위 메뉴 ID                   */
                   , SUP_99020.MENU_NM                       supMenuNm                         /* 상위 메뉴 명                   */
                   , ZCOM99020.MENU_ID                       menuId                            /* 메뉴 ID                        */
                   , ZCOM99020.MENU_NM                       menuNm                            /* 메뉴 명                        */
                   , ZCOM99020.MENU_LEV_VAL                  menuLevVal                        /* 메뉴 레벨 값                   */
                   , ZCOM99020.ACT_ID                        actId                             /* 시행 ID                        */
                   , ZCOM99020.URL                           url                               /* URL                            */
                   , ZCOM99020.DEL_YN                        delYn                             /* 삭제 여부                      */
            FROM   ZCOM99020

                   LEFT OUTER JOIN ZCOM99020 SUP_99020
                   ON     ZCOM99020.SUP_MENU_ID  = SUP_99020.MENU_ID
                   AND    SUP_99020.EFF_STA_DT  <= DATE_FORMAT(NOW(), '%Y%m%d')
                   AND    SUP_99020.EFF_END_DT  >= DATE_FORMAT(NOW(), '%Y%m%d')

            WHERE  1 = 1
            AND    ZCOM99020.EFF_STA_DT  <= DATE_FORMAT(NOW(), '%Y%m%d')
            AND    ZCOM99020.EFF_END_DT  >= DATE_FORMAT(NOW(), '%Y%m%d')
            AND    ZCOM99020.MENU_ID      = #{selMenuId}
            LIMIT 0, 1
        ]]>
    </select>


    <!-- 관리자_메뉴등록 -->
    <insert id="insertZCOM99020_00" parameterType="Zcom99020Model" >
        <![CDATA[
            INSERT INTO ZCOM99020
            (
                     MENU_ID                           /* 메뉴 ID                        */
                   , MENU_NM                           /* 메뉴 명                        */
                   , MENU_LEV_VAL                      /* 메뉴 레벨 값                   */
                   , SEQ_NUM                           /* 순번                           */
                   , SUP_MENU_ID                       /* 상위 메뉴 ID                   */
                   , ACT_ID                            /* ACTION ID                      */
                   , URL                               /* URL                            */
                   , MENU_CTT                          /* 메뉴 내용                      */
                   , EFF_STA_DT                        /* 유효 시작 일자                 */
                   , EFF_END_DT                        /* 유효 종료 일자                 */
                   , RGST_ID                           /* 등록 ID                        */
                   , RGST_IP                           /* 등록 IP                        */
                   , RGST_DTM                          /* 등록 일시                      */
                   , UPDT_ID                           /* 수정 ID                        */
                   , UPDT_IP                           /* 수정 IP                        */
                   , UPDT_DTM                          /* 수정 일시                      */
            ) VALUES (
                     #{menuId}                         /* 메뉴 ID                        */
                   , #{menuNm}                         /* 메뉴 명                        */
                   , #{menuLevVal}                     /* 메뉴 레벨 값                   */
                   , #{seqNum}                         /* 순번                           */
                   , #{supMenuId}                      /* 상위 메뉴 ID                   */
                   , #{actId}                          /* ACTION ID                      */
                   , #{url}                            /* URL                            */
                   , #{menuCtt}                        /* 메뉴 내용                      */
                   , #{effStaDt}                       /* 유효 시작 일자                 */
                   , #{effEndDt}                       /* 유효 종료 일자                 */
                   , #{rgstId}                         /* 등록 ID                        */
                   , #{rgstIp}                         /* 등록 IP                        */
                   , #{rgstDtm}                        /* 등록 일시                      */
                   , #{updtId}                         /* 수정 ID                        */
                   , #{updtIp}                         /* 수정 IP                        */
                   , #{updtDtm}                        /* 수정 일시                      */
            )
        ]]>
    </insert>


    <!-- 관리자_메뉴수정 -->
    <update id="updateZCOM99020_00" parameterType="Zcom99020Model" >
        <![CDATA[
            UPDATE ZCOM99020 SET
                     MENU_NM                        = #{menuNm}                         /* 메뉴 명                        */
                   , MENU_LEV_VAL                   = #{menuLevVal}                     /* 메뉴 레벨 값                   */
                   , SEQ_NUM                        = #{seqNum}                         /* 순번                           */
                   , SUP_MENU_ID                    = #{supMenuId}                      /* 상위 메뉴 ID                   */
                   , ACT_ID                         = #{actId}                          /* ACTION ID                      */
                   , URL                            = #{url}                            /* URL                            */
                   , MENU_CTT                       = #{menuCtt}                        /* 메뉴 내용                      */
                   , EFF_STA_DT                     = #{effStaDt}                       /* 유효 시작 일자                 */
                   , EFF_END_DT                     = #{effEndDt}                       /* 유효 종료 일자                 */
                   , UPDT_ID                        = #{updtId}                         /* 수정 ID                        */
                   , UPDT_IP                        = #{updtIp}                         /* 수정 IP                        */
                   , UPDT_DTM                       = #{updtDtm}                        /* 수정 일시                      */
            WHERE  1 = 1
            AND    MENU_ID                        = #{menuId}                         /* 메뉴 ID                        */
        ]]>
    </update>


    <!-- 관리자_메뉴삭제 -->
    <delete id="deleteZCOM99020_00" parameterType="Zcom99020Model" >
        <![CDATA[
            DELETE FROM ZCOM99020
            WHERE  1 = 1
            AND    MENU_ID                        = #{menuId}                         /* 메뉴 ID                        */
        ]]>
    </delete>

</mapper>