<?xml version="1.0" encoding="UTF-8"?>
<!DOCTYPE mapper
  PUBLIC "-//mybatis.org//DTD Mapper 3.0//EN"
  "http://mybatis.org/dtd/mybatis-3-mapper.dtd">
<mapper namespace="Zcom99000Query">


    <!-- 페이지처리 -->
    <!-- Oracle -->
    <!-- 
    <sql id="PagingTop" >
        <![CDATA[
            SELECT *
            FROM   (
                    SELECT T_TEMP.*, ROWNUM rowNum
                    FROM   (
        ]]>
    </sql>

    <sql id="PagingBottom" >
        <![CDATA[
                           ) T_TEMP
                    WHERE  ROWNUM < (#{pageNo} * #{pageRowCnt}) + 1
                   ) T_TEMP
            WHERE  ROWNO > ((#{pageNo} - 1) * #{pageRowCnt})
        ]]>
    </sql>
    -->
    
    
    <!-- 페이지처리 -->
    <!-- Mysql -->
    <sql id="PagingTop" >
        <![CDATA[
            SELECT * 
            FROM   (
		            SELECT T_TEMP.*, (@rownum := @rownum + 1) AS rowNum
		            FROM   (
        ]]>
    </sql>

    <sql id="PagingBottom" >
        <![CDATA[
            LIMIT #{strRowNum}, #{pageRowCntInt}
		                   ) T_TEMP
		                   , (SELECT @rownum := #{strRowNum}) ROW 
                   ) T_TEMP
        ]]>
    </sql>

    <!-- 페이지처리 합계 포함 -->
    <sql id="PagingTopIncludeSum" >
        <![CDATA[
            SELECT *
            FROM   (
                    SELECT T_TEMP.*, ROWNUM - 1 ROWNO
                    FROM   (
        ]]>
    </sql>

    <sql id="PagingBottomIncludeSum" >
        <![CDATA[
                           ) T_TEMP
                    WHERE  ROWNUM - 1 <= (#{pageNo} * #{pageRowCnt})
                    OR     ROWNUM - 1  = 0
                   ) T_TEMP
            WHERE  ROWNO > ((#{pageNo} - 1) * #{pageRowCnt})
            OR     ROWNO = 0
        ]]>
    </sql>


    <!-- 프로젝트_업무통제조회 -->
    <sql id="selectAPRJ20031_00">
        <![CDATA[
            SELECT
                     APRJ20031.CO_ID                         coId                              /* 업체 ID                        */
                   , APRJ20031.OP_ID                         opId                              /* 업무 ID                        */
                   , MAX(APRJ20031.OP_SER_NUM)               opSerNum                          /* 업무 일련번호                  */
            FROM   APRJ20031
            WHERE  1 = 1
            AND    APRJ20031.CO_ID                          = '0000000000'                      /* 업체 ID                        */
            AND    APRJ20031.PRJ_ID                         = #{prjId}                          /* 프로젝트 ID                    */
            GROUP BY
                     APRJ20031.CO_ID
                   , APRJ20031.OP_ID
            
        ]]>
    </sql>


</mapper>