<?xml version="1.0" encoding="UTF-8"?>
<!DOCTYPE mapper
    PUBLIC "-//mybatis.org//DTD Mapper 3.0//EN"
    "http://mybatis.org/dtd/mybatis-3-mapper.dtd">
<mapper namespace="Zcom99022Query">



    <sql id="WhereQuery" >
        <if test="@project.spring.app.a.lib.object.CommonMyBatis@isNotEmpty(srchSerNum)">
            AND    ZCOM99022.SER_NUM                        = #{srchSerNum}
        </if>
        <if test="@project.spring.app.a.lib.object.CommonMyBatis@isNotEmpty(srchMenuId)">
            AND    ZCOM99022.MENU_ID                        = #{srchMenuId}
        </if>
    </sql>


    <sql id="InlineViewQuery" >
        <![CDATA[
            SELECT
                     ZCOM99020.SUP_MENU_ID                   supMenuId                         /* 상위 메뉴 ID                   */
                   , SUP_99020.MENU_NM                       supMenuNm                         /* 상위 메뉴 명                   */
                   , ZCOM99020.MENU_ID                       menuId                            /* 메뉴 ID                        */
                   , ZCOM99020.MENU_NM                       menuNm                            /* 메뉴 명                        */
                   , ZCOM99020.MENU_LEV_VAL                  menuLevVal                        /* 메뉴 레벨 값                   */
                   , ZCOM99020.ACT_ID                        actId                             /* 시행 ID                        */
                   , ZCOM99020.URL                           url                               /* URL                            */
                   , ZCOM99022.MENU_ID                       chkMenuId                         /* 메뉴 ID                        */
            FROM   ZCOM99020

                   LEFT OUTER JOIN ZCOM99020 SUP_99020
                   ON     ZCOM99020.SUP_MENU_ID  = SUP_99020.MENU_ID
                   AND    SUP_99020.EFF_STA_DT  <= DATE_FORMAT(NOW(), '%Y%m%d')
                   AND    SUP_99020.EFF_END_DT  >= DATE_FORMAT(NOW(), '%Y%m%d')

                   LEFT OUTER JOIN ZCOM99022
                   ON     ZCOM99022.SER_NUM      = #{serNum}
                   AND    ZCOM99022.MENU_ID      = ZCOM99020.MENU_ID

            WHERE  1 = 1
        ]]>
    </sql>


    <!-- 관리자_사용자메뉴리스트조회 -->
    <select id="selectZCOM99022_00" parameterType="Zcom99022Model" resultType="Zcom99022Model" >
        <include refid="InlineViewQuery" />
        <include refid="WhereQuery" />
        <![CDATA[
            AND    ZCOM99020.EFF_STA_DT  <= DATE_FORMAT(NOW(), '%Y%m%d')
            AND    ZCOM99020.EFF_END_DT  >= DATE_FORMAT(NOW(), '%Y%m%d')
            ORDER BY
                     ZCOM99020.MENU_ID
        ]]>
    </select>

    <!-- 관리자_사용자메뉴리스트수조회 -->
    <select id="selectZCOM99022_01" parameterType="Zcom99022Model" resultType="Zcom99022Model" >
        <![CDATA[
            SELECT
                     COUNT(*) totCnt
            FROM   (
        ]]>
        <include refid="InlineViewQuery"/>
        <include refid="WhereQuery" />
        <![CDATA[
            AND    ZCOM99020.EFF_STA_DT  <= DATE_FORMAT(NOW(), '%Y%m%d')
            AND    ZCOM99020.EFF_END_DT  >= DATE_FORMAT(NOW(), '%Y%m%d')
                   ) TOT
        ]]>
    </select>


    <!-- 관리자_사용자메뉴조회 -->
    <select id="selectZCOM99022_02" parameterType="Zcom99022Model" resultType="Zcom99022Model" >
        <include refid="InlineViewQuery" />
        <![CDATA[
            AND    ZCOM99022.SER_NUM                        = #{serNum}                         /* 일련번호                       */
        ]]>
    </select>


    <!-- 관리자_사용자메뉴등록 -->
    <insert id="insertZCOM99022_00" parameterType="Zcom99022Model" >
        <![CDATA[
            INSERT INTO ZCOM99022
            (
                     SER_NUM                           /* 일련번호                       */
                   , MENU_ID                           /* 메뉴 ID                        */
                   , EFF_STA_DT                        /* 유효 시작 일자                 */
                   , EFF_END_DT                        /* 유효 종료 일자                 */
                   , RGST_ID                           /* 등록 ID                        */
                   , RGST_IP                           /* 등록 IP                        */
                   , RGST_DTM                          /* 등록 일시                      */
                   , UPDT_ID                           /* 수정 ID                        */
                   , UPDT_IP                           /* 수정 IP                        */
                   , UPDT_DTM                          /* 수정 일시                      */
            ) VALUES (
                     #{serNum}                         /* 일련번호                       */
                   , #{menuId}                         /* 메뉴 ID                        */
                   , #{effStaDt}                       /* 유효 시작 일자                 */
                   , #{effEndDt}                       /* 유효 종료 일자                 */
                   , #{rgstId}                         /* 등록 ID                        */
                   , #{rgstIp}                         /* 등록 IP                        */
                   , #{rgstDtm}                        /* 등록 일시                      */
                   , #{updtId}                         /* 수정 ID                        */
                   , #{updtIp}                         /* 수정 IP                        */
                   , #{updtDtm}                        /* 수정 일시                      */
            )
        ]]>
    </insert>


    <!-- 관리자_사용자메뉴수정 -->
    <update id="updateZCOM99022_00" parameterType="Zcom99022Model" >
        <![CDATA[
            UPDATE ZCOM99022 SET
                     MENU_ID                        = #{menuId}                         /* 메뉴 ID                        */
                   , EFF_STA_DT                     = #{effStaDt}                       /* 유효 시작 일자                 */
                   , EFF_END_DT                     = #{effEndDt}                       /* 유효 종료 일자                 */
                   , UPDT_ID                        = #{updtId}                         /* 수정 ID                        */
                   , UPDT_IP                        = #{updtIp}                         /* 수정 IP                        */
                   , UPDT_DTM                       = #{updtDtm}                        /* 수정 일시                      */
            WHERE  1 = 1
            AND    SER_NUM                        = #{serNum}                         /* 일련번호                       */
        ]]>
    </update>


    <!-- 관리자_사용자메뉴삭제 -->
    <delete id="deleteZCOM99022_00" parameterType="Zcom99022Model" >
        <![CDATA[
            DELETE FROM ZCOM99022
            WHERE  1 = 1
            AND    SER_NUM                        = #{serNum}                         /* 일련번호                       */
        ]]>
    </delete>

</mapper>