<?xml version="1.0" encoding="UTF-8"?>
<!DOCTYPE mapper
    PUBLIC "-//mybatis.org//DTD Mapper 3.0//EN"
    "http://mybatis.org/dtd/mybatis-3-mapper.dtd">
<mapper namespace="Zcom99011Query">



    <sql id="WhereQuery" >

    </sql>


    <sql id="InlineViewQuery" >
        <![CDATA[
            SELECT
                     ZCOM99011.GRP_CD                        grpCd                             /* 그룹 코드                      */
                   , ZCOM99011.CD                            cd                                /* 코드                           */
                   , ZCOM99011.CD_NM                         cdNm                              /* 코드 명                        */
                   , ZCOM99011.SEQ_NUM                       seqNum                            /* 순번                           */
                   , ZCOM99011.CD_CTT                        cdCtt                             /* 코드 내용                      */
                   , ZCOM99011.EFF_STA_DT                    effStaDt                          /* 유효 시작 일자                 */
                   , ZCOM99011.EFF_END_DT                    effEndDt                          /* 유효 종료 일자                 */
                   , ZCOM99011.DEL_YN                        delYn                             /* 삭제 여부                      */

                   , ZCOM99011.RGST_ID                       rgstId                            /* 등록 ID                        */
                   , RGST     .USER_NM                       rgstNm                            /* 등록 명                        */
                   , ZCOM99011.RGST_IP                       rgstIp                            /* 등록 IP                        */
                   , ZCOM99011.RGST_DTM                      rgstDtm                           /* 등록 일시                      */
                   , ZCOM99011.UPDT_ID                       updtId                            /* 수정 ID                        */
                   , UPDT     .USER_NM                       updtNm                            /* 수정 명                        */
                   , ZCOM99011.UPDT_IP                       updtIp                            /* 수정 IP                        */
                   , ZCOM99011.UPDT_DTM                      updtDtm                           /* 수정 일시                      */

            FROM   ZCOM99011

                   LEFT OUTER JOIN ZCOM99030 RGST
                   ON     RGST.USER_ID = ZCOM99011.RGST_ID

                   LEFT OUTER JOIN ZCOM99030 UPDT
                   ON     UPDT.USER_ID = ZCOM99011.UPDT_ID

            WHERE  1 = 1
        ]]>
    </sql>


    <!-- 관리자_코드리스트조회 -->
    <select id="selectZCOM99011_00" parameterType="Zcom99010Model" resultType="Zcom99010Model" >
        <include refid="InlineViewQuery" />
        <include refid="WhereQuery" />
        <![CDATA[
            AND    ZCOM99011.GRP_CD                         = #{grpCd}                          /* 그룹 코드                      */
            ORDER BY 
                     ZCOM99011.SEQ_NUM                            
        ]]>
    </select>

    <!-- 관리자_코드리스트수조회 -->
    <select id="selectZCOM99011_01" parameterType="Zcom99010Model" resultType="Zcom99010Model" >
        <![CDATA[
            SELECT
                     COUNT(*) totCnt
            FROM   (
        ]]>
        <include refid="InlineViewQuery"/>
        <include refid="WhereQuery" />
        <![CDATA[
            AND    ZCOM99011.GRP_CD                         = #{grpCd}                          /* 그룹 코드                      */
                   ) TOT
        ]]>
    </select>


    <!-- 관리자_코드조회 -->
    <select id="selectZCOM99011_02" parameterType="Zcom99010Model" resultType="Zcom99010Model" >
        <include refid="InlineViewQuery" />
        <![CDATA[
            AND    ZCOM99011.GRP_CD                         = #{grpCd}                          /* 그룹 코드                      */
            AND    ZCOM99011.CD                             = #{cd}                             /* 코드                           */
        ]]>
    </select>


    <!-- 관리자_코드등록 -->
    <insert id="insertZCOM99011_00" parameterType="Zcom99010Model" >
        <![CDATA[
            INSERT INTO ZCOM99011
            (
                     GRP_CD                            /* 그룹 코드                      */
                   , CD                                /* 코드                           */
                   , CD_NM                             /* 코드 명                        */
                   , SEQ_NUM                           /* 순번                           */
                   , CD_CTT                            /* 코드 내용                      */
                   , EFF_STA_DT                        /* 유효 시작 일자                 */
                   , EFF_END_DT                        /* 유효 종료 일자                 */
                   , DEL_YN                            /* 삭제 여부                      */
                   , RGST_ID                           /* 등록 ID                        */
                   , RGST_IP                           /* 등록 IP                        */
                   , RGST_DTM                          /* 등록 일시                      */
                   , UPDT_ID                           /* 수정 ID                        */
                   , UPDT_IP                           /* 수정 IP                        */
                   , UPDT_DTM                          /* 수정 일시                      */
            ) VALUES (
                     #{grpCd}                          /* 그룹 코드                      */
                   , #{cd}                             /* 코드                           */
                   , #{cdNm}                           /* 코드 명                        */
                   , #{seqNum}                         /* 순번                           */
                   , #{cdCtt}                          /* 코드 내용                      */
                   , #{effStaDt}                       /* 유효 시작 일자                 */
                   , #{effEndDt}                       /* 유효 종료 일자                 */
                   , #{delYn}                          /* 삭제 여부                      */
                   , #{rgstId}                         /* 등록 ID                        */
                   , #{rgstIp}                         /* 등록 IP                        */
                   , #{rgstDtm}                        /* 등록 일시                      */
                   , #{updtId}                         /* 수정 ID                        */
                   , #{updtIp}                         /* 수정 IP                        */
                   , #{updtDtm}                        /* 수정 일시                      */
            )
        ]]>
    </insert>


    <!-- 관리자_코드수정 -->
    <update id="updateZCOM99011_00" parameterType="Zcom99010Model" >
        <![CDATA[
            UPDATE ZCOM99011 SET
                     CD_NM                          = #{cdNm}                           /* 코드 명                        */
                   , SEQ_NUM                        = #{seqNum}                         /* 순번                           */
                   , CD_CTT                         = #{cdCtt}                          /* 코드 내용                      */
                   , EFF_STA_DT                     = #{effStaDt}                       /* 유효 시작 일자                 */
                   , EFF_END_DT                     = #{effEndDt}                       /* 유효 종료 일자                 */
                   , DEL_YN                         = #{delYn}                          /* 삭제 여부                      */
                   , UPDT_ID                        = #{updtId}                         /* 수정 ID                        */
                   , UPDT_IP                        = #{updtIp}                         /* 수정 IP                        */
                   , UPDT_DTM                       = #{updtDtm}                        /* 수정 일시                      */
            WHERE  1 = 1
            AND    GRP_CD                         = #{grpCd}                          /* 그룹 코드                      */
            AND    CD                             = #{cd}                             /* 코드                           */
        ]]>
    </update>


    <!-- 관리자_코드삭제 -->
    <delete id="deleteZCOM99011_00" parameterType="Zcom99010Model" >
        <![CDATA[
            DELETE FROM ZCOM99011
            WHERE  1 = 1
            AND    GRP_CD                         = #{grpCd}                          /* 그룹 코드                      */
            AND    CD                             = IFNULL(#{cd}, CD)                 /* 코드                           */
        ]]>
    </delete>

</mapper>