<?xml version="1.0" encoding="UTF-8"?>
<!DOCTYPE mapper
    PUBLIC "-//mybatis.org//DTD Mapper 3.0//EN"
    "http://mybatis.org/dtd/mybatis-3-mapper.dtd">
<mapper namespace="Zcom99030Query">



    <sql id="WhereQuery" >
        <if test="@project.spring.app.a.lib.object.CommonMyBatis@isNotEmpty(srchUserId)">
            AND    ZCOM99030.USER_ID                     LIKE CONCAT('%', #{srchUserId}, '%')
        </if>
        <if test="@project.spring.app.a.lib.object.CommonMyBatis@isNotEmpty(srchUserNm)">
            AND    ZCOM99030.USER_NM                     LIKE CONCAT('%', #{srchUserNm}, '%')
        </if>
        <if test="@project.spring.app.a.lib.object.CommonMyBatis@isNotEmpty(srchUserPwd)">
            AND    ZCOM99030.USER_PWD                       = #{srchUserPwd}
        </if>
        <if test="@project.spring.app.a.lib.object.CommonMyBatis@isNotEmpty(srchPwdUpdtDt)">
            AND    ZCOM99030.PWD_UPDT_DT                    = #{srchPwdUpdtDt}
        </if>
        <if test="@project.spring.app.a.lib.object.CommonMyBatis@isNotEmpty(srchUserAuthCd)">
            AND    ZCOM99030.USER_AUTH_CD                   = #{srchUserAuthCd}
        </if>
        <if test="@project.spring.app.a.lib.object.CommonMyBatis@isNotEmpty(srchSupUserId)">
            AND    ZCOM99030.SUP_USER_ID                    = #{srchSupUserId}
        </if>
        <if test="@project.spring.app.a.lib.object.CommonMyBatis@isNotEmpty(srchCoId)">
            AND    ZCOM99030.CO_ID                          = #{srchCoId}
        </if>
        <if test="@project.spring.app.a.lib.object.CommonMyBatis@isNotEmpty(srchPhonNum)">
            AND    ZCOM99030.PHON_NUM                       = #{srchPhonNum}
        </if>
        <if test="@project.spring.app.a.lib.object.CommonMyBatis@isNotEmpty(srchMailAddr)">
            AND    ZCOM99030.MAIL_ADDR                      = #{srchMailAddr}
        </if>
        <if test="@project.spring.app.a.lib.object.CommonMyBatis@isNotEmpty(srchIniScrUrl)">
            AND    ZCOM99030.INI_SCR_URL                    = #{srchIniScrUrl}
        </if>
    </sql>


    <sql id="InlineViewQuery" >
        <![CDATA[
            SELECT
                     ZCOM99030.USER_ID                       userId                            /* 사용자 ID                      */
                   , ZCOM99030.USER_NM                       userNm                            /* 사용자 명                      */
                   , ZCOM99030.USER_PWD                      userPwd                           /* 사용자 비밀번호                */
                   , ZCOM99030.PWD_UPDT_DT                   pwdUpdtDt                         /* 비밀번호 수정 일자             */
                   , ZCOM99030.USER_AUTH_CD                  userAuthCd                        /* 사용자 권한 코드               */
                   , (
                        SELECT ZCOM99011.CD_NM 
                        FROM   ZCOM99011 
                        WHERE  ZCOM99011.GRP_CD = 'APRJ000001'
                        AND    ZCOM99011.CD     = ZCOM99030.USER_AUTH_CD
                     )                                       userAuthNm                        /* 사용자 권한 명                 */

                   , ZCOM99030.CO_ID                         coId                              /* 업체 ID                        */
                   , ZCOM99031.CO_NM                         coNm                              /* 업체 명                        */
                   , ZCOM99030.DEPT_ID                       deptId                            /* 부서 ID                        */
                   , ZCOM99032.DEPT_NM                       deptNm                            /* 부서 명                        */
                   , ZCOM99030.OP_CHRG_ID                    opChrgId                          /* 업무 담당 ID                   */
                   , APRJ10020.OP_CHRG_ID                    opChrgNm                          /* 업무 담당 명                   */
                   , ZCOM99030.OFC_LVL_CL_CD                 ofcLvlClCd                        /* 직급 구분 코드                 */
                   , (
                        SELECT ZCOM99011.CD_NM 
                        FROM   ZCOM99011 
                        WHERE  ZCOM99011.GRP_CD = 'APRJ000008'
                        AND    ZCOM99011.CD     = ZCOM99030.OFC_LVL_CL_CD
                     )                                       ofcLvlClNm                        /* 직급 구분 명                   */
                   , ZCOM99030.PHON_NUM                      phonNum                           /* 전화 번호                      */
                   , ZCOM99030.MAIL_ADDR                     mailAddr                          /* 메일 주소                      */
                   , ZCOM99030.INI_SCR_URL                   iniScrUrl                         /* 초기 화면 URL                  */
                   , ZCOM99030.EFF_STA_DT                    effStaDt                          /* 유효 시작 일자                 */
                   , ZCOM99030.EFF_END_DT                    effEndDt                          /* 유효 종료 일자                 */
                   , ZCOM99030.DEL_YN                        delYn                             /* 삭제 여부                      */

                   , ZCOM99030.RGST_ID                       rgstId                            /* 등록 ID                        */
                   , RGST     .USER_NM                       rgstNm                            /* 등록 명                        */
                   , ZCOM99030.RGST_IP                       rgstIp                            /* 등록 IP                        */
                   , ZCOM99030.RGST_DTM                      rgstDtm                           /* 등록 일시                      */
                   , ZCOM99030.UPDT_ID                       updtId                            /* 수정 ID                        */
                   , UPDT     .USER_NM                       updtNm                            /* 수정 명                        */
                   , ZCOM99030.UPDT_IP                       updtIp                            /* 수정 IP                        */
                   , ZCOM99030.UPDT_DTM                      updtDtm                           /* 수정 일시                      */

            FROM   ZCOM99030

                   LEFT OUTER JOIN ZCOM99031
                   ON     ZCOM99031.CO_ID = ZCOM99030.CO_ID

                   LEFT OUTER JOIN ZCOM99032
                   ON     ZCOM99032.CO_ID   = ZCOM99030.CO_ID
                   AND    ZCOM99032.DEPT_ID = ZCOM99030.DEPT_ID

                   LEFT OUTER JOIN APRJ10020
                   ON     APRJ10020.CO_ID      = ZCOM99030.CO_ID
                   AND    APRJ10020.OP_CHRG_ID = ZCOM99030.OP_CHRG_ID

                   LEFT OUTER JOIN ZCOM99030 RGST
                   ON     RGST.USER_ID = ZCOM99030.RGST_ID

                   LEFT OUTER JOIN ZCOM99030 UPDT
                   ON     UPDT.USER_ID = ZCOM99030.UPDT_ID

            WHERE  1 = 1
        ]]>
    </sql>


    <sql id="InlineViewQueryExcel" >
        <![CDATA[
            SELECT
                     ZCOM99030.USER_ID                       userId                            /* 사용자 ID                      */
                   , ZCOM99030.USER_NM                       userNm                            /* 사용자 명                      */
                   , ZCOM99030.USER_PWD                      userPwd                           /* 사용자 비밀번호                */
                   , ZCOM99030.PWD_UPDT_DT                   pwdUpdtDt                         /* 비밀번호 수정 일자             */
                   , ZCOM99030.USER_AUTH_CD                  userAuthCd                        /* 사용자 권한 코드               */
                   , (
                        SELECT ZCOM99011.CD_NM 
                        FROM   ZCOM99011 
                        WHERE  ZCOM99011.GRP_CD = 'APRJ000001'
                        AND    ZCOM99011.CD     = ZCOM99030.USER_AUTH_CD
                     )                                       userAuthNm                        /* 사용자 권한 명                 */

                   , ZCOM99030.CO_ID                         coId                              /* 업체 ID                        */
                   , ZCOM99031.CO_NM                         coNm                              /* 업체 명                        */
                   , ZCOM99030.DEPT_ID                       deptId                            /* 부서 ID                        */
                   , ZCOM99032.DEPT_NM                       deptNm                            /* 부서 명                        */
                   , ZCOM99030.OP_CHRG_ID                    opChrgId                          /* 업무 담당 ID                   */
                   , APRJ10020.OP_CHRG_ID                    opChrgNm                          /* 업무 담당 명                   */
                   , ZCOM99030.OFC_LVL_CL_CD                 ofcLvlClCd                        /* 직급 구분 코드                 */
                   , (
                        SELECT ZCOM99011.CD_NM 
                        FROM   ZCOM99011 
                        WHERE  ZCOM99011.GRP_CD = 'APRJ000008'
                        AND    ZCOM99011.CD     = ZCOM99030.OFC_LVL_CL_CD
                     )                                       ofcLvlClNm                        /* 직급 구분 명                   */
                   , ZCOM99030.PHON_NUM                      phonNum                           /* 전화 번호                      */
                   , ZCOM99030.MAIL_ADDR                     mailAddr                          /* 메일 주소                      */
                   , ZCOM99030.INI_SCR_URL                   iniScrUrl                         /* 초기 화면 URL                  */
                   , ZCOM99030.EFF_STA_DT                    effStaDt                          /* 유효 시작 일자                 */
                   , ZCOM99030.EFF_END_DT                    effEndDt                          /* 유효 종료 일자                 */
                   , ZCOM99030.DEL_YN                        delYn                             /* 삭제 여부                      */

                   , ZCOM99030.RGST_ID                       rgstId                            /* 등록 ID                        */
                   , RGST     .USER_NM                       rgstNm                            /* 등록 명                        */
                   , ZCOM99030.RGST_IP                       rgstIp                            /* 등록 IP                        */
                   , ZCOM99030.RGST_DTM                      rgstDtm                           /* 등록 일시                      */
                   , ZCOM99030.UPDT_ID                       updtId                            /* 수정 ID                        */
                   , UPDT     .USER_NM                       updtNm                            /* 수정 명                        */
                   , ZCOM99030.UPDT_IP                       updtIp                            /* 수정 IP                        */
                   , ZCOM99030.UPDT_DTM                      updtDtm                           /* 수정 일시                      */

            FROM   ZCOM99030

                   LEFT OUTER JOIN ZCOM99031
                   ON     ZCOM99031.CO_ID = ZCOM99030.CO_ID

                   LEFT OUTER JOIN ZCOM99032
                   ON     ZCOM99032.CO_ID   = ZCOM99030.CO_ID
                   AND    ZCOM99032.DEPT_ID = ZCOM99030.DEPT_ID

                   LEFT OUTER JOIN APRJ10020
                   ON     APRJ10020.CO_ID      = ZCOM99030.CO_ID
                   AND    APRJ10020.OP_CHRG_ID = ZCOM99030.OP_CHRG_ID

                   LEFT OUTER JOIN ZCOM99030 RGST
                   ON     RGST.USER_ID = ZCOM99030.RGST_ID

                   LEFT OUTER JOIN ZCOM99030 UPDT
                   ON     UPDT.USER_ID = ZCOM99030.UPDT_ID

            WHERE  1 = 1
        ]]>
    </sql>


    <!-- 관리자_사용자리스트조회 -->
    <select id="selectZCOM99030_00" parameterType="Zcom99030Model" resultType="Zcom99030Model" >
        <include refid="Zcom99000Query.PagingTop" />
        <include refid="InlineViewQuery" />
        <include refid="WhereQuery" />
        <![CDATA[
            ORDER BY 
                     ZCOM99030.USER_ID                       
        ]]>
        <include refid="Zcom99000Query.PagingBottom" />
    </select>


    <!-- 관리자_사용자리스트수조회 -->
    <select id="selectZCOM99030_01" parameterType="Zcom99030Model" resultType="Zcom99030Model" >
        <![CDATA[
            SELECT
                     COUNT(*) totCnt
            FROM   (
        ]]>
        <include refid="InlineViewQuery"/>
        <include refid="WhereQuery" />
        <![CDATA[
                   ) TOT
        ]]>
    </select>


    <!-- 관리자_사용자조회 -->
    <select id="selectZCOM99030_02" parameterType="Zcom99030Model" resultType="Zcom99030Model" >
        <include refid="InlineViewQuery" />
        <![CDATA[
            AND    ZCOM99030.USER_ID                        = #{userId}                         /* 사용자 ID                      */
        ]]>
    </select>


    <!-- 관리자_사용자리스트조회 -->
    <select id="selectZCOM99030_10" parameterType="Zcom99030Model" resultType="java.util.Map" >
        <include refid="InlineViewQueryExcel" />
        <include refid="WhereQuery" />
        <![CDATA[
            ORDER BY 
                     ZCOM99030.USER_ID                       
        ]]>
    </select>


    <!-- 관리자_사용자등록 -->
    <insert id="insertZCOM99030_00" parameterType="Zcom99030Model" >
        <![CDATA[
            INSERT INTO ZCOM99030
            (
                     USER_ID                           /* 사용자 ID                      */
                   , USER_NM                           /* 사용자 명                      */
                   , USER_AUTH_CD                      /* 사용자 권한 코드               */
                   , CO_ID                             /* 업체 ID                        */
                   , DEPT_ID                           /* 부서 ID                        */
                   , OP_CHRG_ID                        /* 업무 담당 ID                   */
                   , OFC_LVL_CL_CD                     /* 직급 구분 코드                 */
                   , PHON_NUM                          /* 전화 번호                      */
                   , MAIL_ADDR                         /* 메일 주소                      */
                   , INI_SCR_URL                       /* 초기 화면 URL                  */
                   , EFF_STA_DT                        /* 유효 시작 일자                 */
                   , EFF_END_DT                        /* 유효 종료 일자                 */
                   , DEL_YN                            /* 삭제 여부                      */
                   , RGST_ID                           /* 등록 ID                        */
                   , RGST_IP                           /* 등록 IP                        */
                   , RGST_DTM                          /* 등록 일시                      */
                   , UPDT_ID                           /* 수정 ID                        */
                   , UPDT_IP                           /* 수정 IP                        */
                   , UPDT_DTM                          /* 수정 일시                      */
            ) VALUES (
                     #{userId}                         /* 사용자 ID                      */
                   , #{userNm}                         /* 사용자 명                      */
                   , #{userAuthCd}                     /* 사용자 권한 코드               */
                   , #{coId}                           /* 업체 ID                        */
                   , #{deptId}                         /* 부서 ID                        */
                   , #{opChrgId}                       /* 업무 담당 ID                   */
                   , #{ofcLvlClCd}                     /* 직급 구분 코드                 */
                   , #{phonNum}                        /* 전화 번호                      */
                   , #{mailAddr}                       /* 메일 주소                      */
                   , #{iniScrUrl}                      /* 초기 화면 URL                  */
                   , #{effStaDt}                       /* 유효 시작 일자                 */
                   , #{effEndDt}                       /* 유효 종료 일자                 */
                   , #{delYn}                          /* 삭제 여부                      */
                   , #{rgstId}                         /* 등록 ID                        */
                   , #{rgstIp}                         /* 등록 IP                        */
                   , #{rgstDtm}                        /* 등록 일시                      */
                   , #{updtId}                         /* 수정 ID                        */
                   , #{updtIp}                         /* 수정 IP                        */
                   , #{updtDtm}                        /* 수정 일시                      */
            )
        ]]>
    </insert>


    <!-- 관리자_사용자등록 -->
    <insert id="insertZCOM99030_01" parameterType="Zcom99030Model" >
        <![CDATA[
            INSERT INTO ZCOM99030
            (
                     USER_ID                           /* 사용자 ID                      */
                   , USER_NM                           /* 사용자 명                      */
                   , USER_PWD                          /* 사용자 비밀번호                */
                   , PWD_UPDT_DT                       /* 비밀번호 수정 일자             */
                   , USER_AUTH_CD                      /* 사용자 권한 코드               */
                   , CO_ID                             /* 업체 ID                        */
                   , DEPT_ID                           /* 부서 ID                        */
                   , OP_CHRG_ID                        /* 업무 담당 ID                   */
                   , OFC_LVL_CL_CD                     /* 직급 구분 코드                 */
                   , PHON_NUM                          /* 전화 번호                      */
                   , MAIL_ADDR                         /* 메일 주소                      */
                   , INI_SCR_URL                       /* 초기 화면 URL                  */
                   , EFF_STA_DT                        /* 유효 시작 일자                 */
                   , EFF_END_DT                        /* 유효 종료 일자                 */
                   , DEL_YN                            /* 삭제 여부                      */
                   , RGST_ID                           /* 등록 ID                        */
                   , RGST_IP                           /* 등록 IP                        */
                   , RGST_DTM                          /* 등록 일시                      */
                   , UPDT_ID                           /* 수정 ID                        */
                   , UPDT_IP                           /* 수정 IP                        */
                   , UPDT_DTM                          /* 수정 일시                      */
            ) VALUES (
                     #{userId}                         /* 사용자 ID                      */
                   , #{userNm}                         /* 사용자 명                      */
                   , #{userPwdSha256}                  /* 사용자 비밀번호                */
                   , #{pwdUpdtDt}                      /* 비밀번호 수정 일자             */
                   , #{userAuthCd}                     /* 사용자 권한 코드               */
                   , #{coId}                           /* 업체 ID                        */
                   , #{deptId}                         /* 부서 ID                        */
                   , #{opChrgId}                       /* 업무 담당 ID                   */
                   , #{ofcLvlClCd}                     /* 직급 구분 코드                 */
                   , #{phonNum}                        /* 전화 번호                      */
                   , #{mailAddr}                       /* 메일 주소                      */
                   , #{iniScrUrl}                      /* 초기 화면 URL                  */
                   , #{effStaDt}                       /* 유효 시작 일자                 */
                   , #{effEndDt}                       /* 유효 종료 일자                 */
                   , #{delYn}                          /* 삭제 여부                      */
                   , #{rgstId}                         /* 등록 ID                        */
                   , #{rgstIp}                         /* 등록 IP                        */
                   , #{rgstDtm}                        /* 등록 일시                      */
                   , #{updtId}                         /* 수정 ID                        */
                   , #{updtIp}                         /* 수정 IP                        */
                   , #{updtDtm}                        /* 수정 일시                      */
            )
        ]]>
    </insert>


    <!-- 관리자_사용자수정 -->
    <update id="updateZCOM99030_00" parameterType="Zcom99030Model" >
        <![CDATA[
            UPDATE ZCOM99030 SET
                     USER_NM                        = #{userNm}                         /* 사용자 명                      */
                   , USER_AUTH_CD                   = #{userAuthCd}                     /* 사용자 권한 코드               */
                   , CO_ID                          = #{coId}                           /* 업체 ID                        */
                   , DEPT_ID                        = #{deptId}                         /* 부서 ID                        */
                   , OP_CHRG_ID                     = #{opChrgId}                       /* 업무 담당 ID                   */
                   , OFC_LVL_CL_CD                  = #{ofcLvlClCd}                     /* 직급 구분 코드                 */
                   , PHON_NUM                       = #{phonNum}                        /* 전화 번호                      */
                   , MAIL_ADDR                      = #{mailAddr}                       /* 메일 주소                      */
                   , INI_SCR_URL                    = #{iniScrUrl}                      /* 초기 화면 URL                  */
                   , EFF_STA_DT                     = #{effStaDt}                       /* 유효 시작 일자                 */
                   , EFF_END_DT                     = #{effEndDt}                       /* 유효 종료 일자                 */
                   , DEL_YN                         = #{delYn}                          /* 삭제 여부                      */
                   , UPDT_ID                        = #{updtId}                         /* 수정 ID                        */
                   , UPDT_IP                        = #{updtIp}                         /* 수정 IP                        */
                   , UPDT_DTM                       = #{updtDtm}                        /* 수정 일시                      */
            WHERE  1 = 1
            AND    USER_ID                        = #{userId}                         /* 사용자 ID                      */
        ]]>
    </update>


    <!-- 관리자_사용자수정 -->
    <update id="updateZCOM99030_01" parameterType="Zcom99030Model" >
        <![CDATA[
            UPDATE ZCOM99030 SET
                     USER_NM                        = #{userNm}                         /* 사용자 명                      */
                   , USER_PWD                       = #{userPwdSha256}                  /* 사용자 비밀번호                */
                   , PWD_UPDT_DT                    = #{pwdUpdtDt}                      /* 비밀번호 수정 일자             */
                   , PHON_NUM                       = #{phonNum}                        /* 전화 번호                      */
                   , MAIL_ADDR                      = #{mailAddr}                       /* 메일 주소                      */
                   , DEL_YN                         = #{delYn}                          /* 삭제 여부                      */
                   , UPDT_ID                        = #{updtId}                         /* 수정 ID                        */
                   , UPDT_IP                        = #{updtIp}                         /* 수정 IP                        */
                   , UPDT_DTM                       = #{updtDtm}                        /* 수정 일시                      */
            WHERE  1 = 1
            AND    USER_ID                        = #{userId}                         /* 사용자 ID                      */
        ]]>
    </update>


    <!-- 관리자_사용자수정 -->
    <update id="updateZCOM99030_02" parameterType="Zcom99030Model" >
        <![CDATA[
            UPDATE ZCOM99030 SET
                     USER_PWD                       = #{userPwdSha256}                  /* 사용자 비밀번호                */
                   , PWD_UPDT_DT                    = #{pwdUpdtDt}                      /* 비밀번호 수정 일자             */
                   , DEL_YN                         = #{delYn}                          /* 삭제 여부                      */
                   , UPDT_ID                        = #{updtId}                         /* 수정 ID                        */
                   , UPDT_IP                        = #{updtIp}                         /* 수정 IP                        */
                   , UPDT_DTM                       = #{updtDtm}                        /* 수정 일시                      */
            WHERE  1 = 1
            AND    USER_ID                        = #{userId}                         /* 사용자 ID                      */
        ]]>
    </update>


    <!-- 관리자_사용자수정 -->
    <update id="updateZCOM99030_03" parameterType="Zcom99030Model" >
        <![CDATA[
            UPDATE ZCOM99030 SET
                     LAST_LOGIN_DTM                 = #{lastLoginDtm}                   /* 마지막 로그인 일시             */
                   , DEL_YN                         = #{delYn}                          /* 삭제 여부                      */
                   , UPDT_ID                        = #{updtId}                         /* 수정 ID                        */
                   , UPDT_IP                        = #{updtIp}                         /* 수정 IP                        */
                   , UPDT_DTM                       = #{updtDtm}                        /* 수정 일시                      */
            WHERE  1 = 1
            AND    USER_ID                        = #{userId}                         /* 사용자 ID                      */
        ]]>
    </update>


    <!-- 관리자_사용자삭제 -->
    <delete id="deleteZCOM99030_00" parameterType="Zcom99030Model" >
        <![CDATA[
            DELETE FROM ZCOM99030
            WHERE  1 = 1
            AND    USER_ID                        = #{userId}                         /* 사용자 ID                      */
        ]]>
    </delete>


    <!-- 관리자_사용자삭제 -->
    <delete id="deleteZCOM99030_01" parameterType="Zcom99030Model" >
        <![CDATA[
            DELETE FROM ZCOM99030
            WHERE  1 = 1
            AND    USER_ID <> 'admin'                         /* ADMIN 사용자 ID                      */
        ]]>
    </delete>


    <!-- 관리자_사용자삭제 -->
    <delete id="deleteZCOM99030_10" parameterType="AprjModel" >
        <![CDATA[
            DELETE FROM ZCOM99030
            WHERE  1 = 1
            AND    CO_ID                          = #{coId}                           /* 업체 ID                        */
        ]]>
    </delete>


</mapper>