<?xml version="1.0" encoding="UTF-8"?>
<!DOCTYPE mapper
    PUBLIC "-//mybatis.org//DTD Mapper 3.0//EN"
    "http://mybatis.org/dtd/mybatis-3-mapper.dtd">
<mapper namespace="Zcom99010Query">



    <sql id="WhereQuery" >
        <if test="@project.spring.app.a.lib.object.CommonMyBatis@isNotEmpty(srchGrpCd)">
            AND    ZCOM99010.GRP_CD                      LIKE CONCAT('%', #{srchGrpCd}, '%')
        </if>
        <if test="@project.spring.app.a.lib.object.CommonMyBatis@isNotEmpty(srchGrpCdNm)">
            AND    ZCOM99010.GRP_CD_NM                   LIKE CONCAT('%', #{srchGrpCdNm}, '%')
        </if>
        <if test="@project.spring.app.a.lib.object.CommonMyBatis@isNotEmpty(srchGrpCdCtt)">
            AND    ZCOM99010.GRP_CD_CTT                     = #{srchGrpCdCtt}
        </if>
    </sql>


    <sql id="InlineViewQuery" >
        <![CDATA[
            SELECT
                     ZCOM99010.GRP_CD                        grpCd                             /* 그룹 코드                      */
                   , ZCOM99010.GRP_CD_NM                     grpCdNm                           /* 그룹 코드 명                   */
                   , ZCOM99010.GRP_CD_CTT                    grpCdCtt                          /* 그룹 코드 내용                 */
                   , ZCOM99010.EFF_STA_DT                    effStaDt                          /* 유효 시작 일자                 */
                   , ZCOM99010.EFF_END_DT                    effEndDt                          /* 유효 종료 일자                 */
                   , ZCOM99010.DEL_YN                        delYn                             /* 삭제 여부                      */

                   , ZCOM99010.RGST_ID                       rgstId                            /* 등록 ID                        */
                   , RGST     .USER_NM                       rgstNm                            /* 등록 명                        */
                   , ZCOM99010.RGST_IP                       rgstIp                            /* 등록 IP                        */
                   , ZCOM99010.RGST_DTM                      rgstDtm                           /* 등록 일시                      */
                   , ZCOM99010.UPDT_ID                       updtId                            /* 수정 ID                        */
                   , UPDT     .USER_NM                       updtNm                            /* 수정 명                        */
                   , ZCOM99010.UPDT_IP                       updtIp                            /* 수정 IP                        */
                   , ZCOM99010.UPDT_DTM                      updtDtm                           /* 수정 일시                      */

            FROM   ZCOM99010

                   LEFT OUTER JOIN ZCOM99030 RGST
                   ON     RGST.USER_ID = ZCOM99010.RGST_ID

                   LEFT OUTER JOIN ZCOM99030 UPDT
                   ON     UPDT.USER_ID = ZCOM99010.UPDT_ID

            WHERE  1 = 1
        ]]>
    </sql>


    <!-- 관리자_그룹코드리스트조회 -->
    <select id="selectZCOM99010_00" parameterType="Zcom99010Model" resultType="Zcom99010Model" >
        <include refid="Zcom99000Query.PagingTop" />
        <include refid="InlineViewQuery" />
        <include refid="WhereQuery" />
        <![CDATA[
            ORDER BY 
                     ZCOM99010.GRP_CD                        
        ]]>
        <include refid="Zcom99000Query.PagingBottom" />
    </select>

    <!-- 관리자_그룹코드리스트수조회 -->
    <select id="selectZCOM99010_01" parameterType="Zcom99010Model" resultType="Zcom99010Model" >
        <![CDATA[
            SELECT
                     COUNT(*) totCnt
            FROM   (
        ]]>
        <include refid="InlineViewQuery"/>
        <include refid="WhereQuery" />
        <![CDATA[
                   ) TOT
        ]]>
    </select>


    <!-- 관리자_그룹코드조회 -->
    <select id="selectZCOM99010_02" parameterType="Zcom99010Model" resultType="Zcom99010Model" >
        <include refid="InlineViewQuery" />
        <![CDATA[
            AND    ZCOM99010.GRP_CD                         = #{grpCd}                          /* 그룹 코드                      */
        ]]>
    </select>


    <!-- 관리자_그룹코드등록 -->
    <insert id="insertZCOM99010_00" parameterType="Zcom99010Model" >
        <![CDATA[
            INSERT INTO ZCOM99010
            (
                     GRP_CD                            /* 그룹 코드                      */
                   , GRP_CD_NM                         /* 그룹 코드 명                   */
                   , GRP_CD_CTT                        /* 그룹 코드 내용                 */
                   , EFF_STA_DT                        /* 유효 시작 일자                 */
                   , EFF_END_DT                        /* 유효 종료 일자                 */
                   , DEL_YN                            /* 삭제 여부                      */
                   , RGST_ID                           /* 등록 ID                        */
                   , RGST_IP                           /* 등록 IP                        */
                   , RGST_DTM                          /* 등록 일시                      */
                   , UPDT_ID                           /* 수정 ID                        */
                   , UPDT_IP                           /* 수정 IP                        */
                   , UPDT_DTM                          /* 수정 일시                      */
            ) VALUES (
                     #{grpCd}                          /* 그룹 코드                      */
                   , #{grpCdNm}                        /* 그룹 코드 명                   */
                   , #{grpCdCtt}                       /* 그룹 코드 내용                 */
                   , #{effStaDt}                       /* 유효 시작 일자                 */
                   , #{effEndDt}                       /* 유효 종료 일자                 */
                   , #{delYn}                          /* 삭제 여부                      */
                   , #{rgstId}                         /* 등록 ID                        */
                   , #{rgstIp}                         /* 등록 IP                        */
                   , #{rgstDtm}                        /* 등록 일시                      */
                   , #{updtId}                         /* 수정 ID                        */
                   , #{updtIp}                         /* 수정 IP                        */
                   , #{updtDtm}                        /* 수정 일시                      */
            )
        ]]>
    </insert>


    <!-- 관리자_그룹코드수정 -->
    <update id="updateZCOM99010_00" parameterType="Zcom99010Model" >
        <![CDATA[
            UPDATE ZCOM99010 SET
                     GRP_CD_NM                      = #{grpCdNm}                        /* 그룹 코드 명                   */
                   , GRP_CD_CTT                     = #{grpCdCtt}                       /* 그룹 코드 내용                 */
                   , EFF_STA_DT                     = #{effStaDt}                       /* 유효 시작 일자                 */
                   , EFF_END_DT                     = #{effEndDt}                       /* 유효 종료 일자                 */
                   , DEL_YN                         = #{delYn}                          /* 삭제 여부                      */
                   , UPDT_ID                        = #{updtId}                         /* 수정 ID                        */
                   , UPDT_IP                        = #{updtIp}                         /* 수정 IP                        */
                   , UPDT_DTM                       = #{updtDtm}                        /* 수정 일시                      */
            WHERE  1 = 1
            AND    GRP_CD                         = #{grpCd}                          /* 그룹 코드                      */
        ]]>
    </update>


    <!-- 관리자_그룹코드삭제 -->
    <delete id="deleteZCOM99010_00" parameterType="Zcom99010Model" >
        <![CDATA[
            DELETE FROM ZCOM99010
            WHERE  1 = 1
            AND    GRP_CD                         = #{grpCd}                          /* 그룹 코드                      */
        ]]>
    </delete>

</mapper>