<?xml version="1.0" encoding="UTF-8"?>
<!DOCTYPE mapper
    PUBLIC "-//mybatis.org//DTD Mapper 3.0//EN"
    "http://mybatis.org/dtd/mybatis-3-mapper.dtd">
<mapper namespace="Zcom99021Query">



    <sql id="WhereQuery" >
        <if test="@project.spring.app.a.lib.object.CommonMyBatis@isNotEmpty(srchSerNum)">
            AND    ZCOM99021.SER_NUM                        = #{srchSerNum}
        </if>
        <if test="@project.spring.app.a.lib.object.CommonMyBatis@isNotEmpty(srchMenuAuthCd)">
            AND    ZCOM99021.MENU_AUTH_CD                   = #{srchMenuAuthCd}
        </if>
        <if test="@project.spring.app.a.lib.object.CommonMyBatis@isNotEmpty(srchUserAuthCd)">
            AND    ZCOM99021.USER_AUTH_CD                   = #{srchUserAuthCd}
        </if>
        <if test="@project.spring.app.a.lib.object.CommonMyBatis@isNotEmpty(srchUserId)">
            AND    ZCOM99021.USER_ID                        = #{srchUserId}
        </if>
    </sql>


    <sql id="InlineViewQuery" >
        <![CDATA[
            SELECT
                     ZCOM99021.SER_NUM                       serNum                            /* 일련번호                       */
                   , ZCOM99021.MENU_AUTH_CD                  menuAuthCd                        /* 메뉴 권한 코드                 */
                   , (
						SELECT ZCOM99011.CD_NM 
						FROM   ZCOM99011 
						WHERE  ZCOM99011.GRP_CD = 'APRJ000002'
						AND    ZCOM99011.CD     = ZCOM99021.MENU_AUTH_CD
                     )                                       menuAuthNm                        /* 메뉴 권한 명                   */
                   , ZCOM99021.USER_AUTH_CD                  userAuthCd                        /* 사용자 권한 코드               */
                   , (
                        SELECT ZCOM99011.CD_NM 
                        FROM   ZCOM99011 
                        WHERE  ZCOM99011.GRP_CD = 'APRJ000001'
                        AND    ZCOM99011.CD     = ZCOM99021.USER_AUTH_CD
                     )                                       userAuthNm                        /* 사용자 권한 명                 */
                   , ZCOM99021.USER_ID                       userId                            /* 사용자 ID                      */
                   , ZCOM99030.USER_NM                       userNm                            /* 사용자 명                      */
                   , ZCOM99021.EFF_STA_DT                    effStaDt                          /* 유효 시작 일자                 */
                   , ZCOM99021.EFF_END_DT                    effEndDt                          /* 유효 종료 일자                 */
                   
                   , ZCOM99021.RGST_ID                       rgstId                            /* 등록 ID                        */
                   , RGST     .USER_NM                       rgstNm                            /* 등록 명                        */
                   , ZCOM99021.RGST_IP                       rgstIp                            /* 등록 IP                        */
                   , ZCOM99021.RGST_DTM                      rgstDtm                           /* 등록 일시                      */
                   , ZCOM99021.UPDT_ID                       updtId                            /* 수정 ID                        */
                   , UPDT     .USER_NM                       updtNm                            /* 수정 명                        */
                   , ZCOM99021.UPDT_IP                       updtIp                            /* 수정 IP                        */
                   , ZCOM99021.UPDT_DTM                      updtDtm                           /* 수정 일시                      */
                   
            FROM   ZCOM99021
            
                   LEFT OUTER JOIN ZCOM99030
                   ON     ZCOM99030.USER_ID = ZCOM99021.USER_ID
                   
                   LEFT OUTER JOIN ZCOM99030 RGST
                   ON     ZCOM99030.USER_ID = ZCOM99021.RGST_ID
                   
                   LEFT OUTER JOIN ZCOM99030 UPDT
                   ON     ZCOM99030.USER_ID = ZCOM99021.UPDT_ID
                   
            WHERE  1 = 1
        ]]>
    </sql>


    <!-- 관리자_메뉴권한리스트조회 -->
    <select id="selectZCOM99021_00" parameterType="Zcom99021Model" resultType="Zcom99021Model" >
        <include refid="Zcom99000Query.PagingTop" />
        <include refid="InlineViewQuery" />
        <include refid="WhereQuery" />
        <![CDATA[
            ORDER BY 
                     ZCOM99021.SER_NUM                       
        ]]>
        <include refid="Zcom99000Query.PagingBottom" />
    </select>

    <!-- 관리자_메뉴권한리스트수조회 -->
    <select id="selectZCOM99021_01" parameterType="Zcom99021Model" resultType="Zcom99021Model" >
        <![CDATA[
            SELECT
                     COUNT(*) totCnt
            FROM   (
        ]]>
        <include refid="InlineViewQuery"/>
        <include refid="WhereQuery" />
        <![CDATA[
                   ) TOT
        ]]>
    </select>


    <!-- 관리자_메뉴권한조회 -->
    <select id="selectZCOM99021_02" parameterType="Zcom99021Model" resultType="Zcom99021Model" >
        <include refid="InlineViewQuery" />
        <![CDATA[
            AND    ZCOM99021.SER_NUM                        = #{serNum}                         /* 일련번호                       */
        ]]>
    </select>


    <!-- 관리자_메뉴권한등록 -->
    <insert id="insertZCOM99021_00" parameterType="Zcom99021Model" >
        <selectKey order="BEFORE" keyProperty="serNum" resultType="java.lang.String" >
        <![CDATA[
            SELECT  IFNULL(MAX(SER_NUM), 0) + 1 serNum
            FROM    ZCOM99021
            WHERE   1 = 1
        ]]>
        </selectKey>
        <![CDATA[
            INSERT INTO ZCOM99021
            (
                     SER_NUM                           /* 일련번호                       */
                   , MENU_AUTH_CD                      /* 메뉴 권한 코드                 */
                   , USER_AUTH_CD                      /* 사용자 권한 코드               */
                   , USER_ID                           /* 사용자 ID                      */
                   , EFF_STA_DT                        /* 유효 시작 일자                 */
                   , EFF_END_DT                        /* 유효 종료 일자                 */
                   , RGST_ID                           /* 등록 ID                        */
                   , RGST_IP                           /* 등록 IP                        */
                   , RGST_DTM                          /* 등록 일시                      */
                   , UPDT_ID                           /* 수정 ID                        */
                   , UPDT_IP                           /* 수정 IP                        */
                   , UPDT_DTM                          /* 수정 일시                      */
            ) VALUES (
                     #{serNum}                         /* 일련번호                       */
                   , #{menuAuthCd}                     /* 메뉴 권한 코드                 */
                   , #{userAuthCd}                     /* 사용자 권한 코드               */
                   , #{userId}                         /* 사용자 ID                      */
                   , #{effStaDt}                       /* 유효 시작 일자                 */
                   , #{effEndDt}                       /* 유효 종료 일자                 */
                   , #{rgstId}                         /* 등록 ID                        */
                   , #{rgstIp}                         /* 등록 IP                        */
                   , #{rgstDtm}                        /* 등록 일시                      */
                   , #{updtId}                         /* 수정 ID                        */
                   , #{updtIp}                         /* 수정 IP                        */
                   , #{updtDtm}                        /* 수정 일시                      */
            )
        ]]>
    </insert>


    <!-- 관리자_메뉴권한수정 -->
    <update id="updateZCOM99021_00" parameterType="Zcom99021Model" >
        <![CDATA[
            UPDATE ZCOM99021 SET
                     MENU_AUTH_CD                   = #{menuAuthCd}                     /* 메뉴 권한 코드                 */
                   , USER_AUTH_CD                   = #{userAuthCd}                     /* 사용자 권한 코드               */
                   , USER_ID                        = #{userId}                         /* 사용자 ID                      */
                   , EFF_STA_DT                     = #{effStaDt}                       /* 유효 시작 일자                 */
                   , EFF_END_DT                     = #{effEndDt}                       /* 유효 종료 일자                 */
                   , UPDT_ID                        = #{updtId}                         /* 수정 ID                        */
                   , UPDT_IP                        = #{updtIp}                         /* 수정 IP                        */
                   , UPDT_DTM                       = #{updtDtm}                        /* 수정 일시                      */
            WHERE  1 = 1
            AND    SER_NUM                        = #{serNum}                         /* 일련번호                       */
        ]]>
    </update>


    <!-- 관리자_메뉴권한삭제 -->
    <delete id="deleteZCOM99021_00" parameterType="Zcom99021Model" >
        <![CDATA[
            DELETE FROM ZCOM99021
            WHERE  1 = 1
            AND    SER_NUM                        = #{serNum}                         /* 일련번호                       */
        ]]>
    </delete>

</mapper>